industry,marketCap,sharesOutstanding,floatShares,enterpriseValue,forwardPE,trailingPE,priceToBook,priceToSalesTrailing12Months,enterpriseToRevenue,enterpriseToEbitda,bookValue,totalRevenue,revenuePerShare,ebitda,totalDebt,totalCash,totalCashPerShare,freeCashflow,operatingCashflow,totalAssets,debtToEquity,currentRatio,quickRatio,grossMargins,operatingMargins,profitMargins,returnOnAssets,returnOnEquity,ebitdaMargins,revenueGrowth,previousClose,open,dayHigh,dayLow,volume,averageVolume,fiftyTwoWeekHigh,fiftyTwoWeekLow,twoHundredDayAverage,fiftyDayAverage,beta,sharesShort,sharesShortPriorMonth,shortRatio,shortPercentOfFloat,exDividendDate,ytdReturn,lastFiscalYearEnd,nextFiscalYearEnd,heldPercentInsiders,heldPercentInstitutions,
Furnishings, Fixtures & Appliances,1340001258,74522037.52,34994930.38,1857301426,inf,inf,4.015434038,23.88926647,422.7608571,8.197285714,13.73738095,1657294949,40.70821429,155554584,611789244.9,111511907.2,2.56002381,52328349.48,112379708,0,207.1866429,1.864785714,0.899333333,0.327051194,-108.5979583,-0.087908572,-0.028550001,-0.222139526,-0.011754524,-0.038952381,24.86463095,25.06996193,25.43613336,24.63007621,2276761.5,437902.2381,30.13718571,14.45495955,21.86902692,23.53112915,9.682785714,1518667.81,1526252.69,3.745714286,0.043730953,877782857.1,0,1645350171,1676941714,0.163607855,0.46928881
Advertising Agencies,799110742.2,730659111.9,364890586.8,1743180531,1.979637745,inf,4.392264991,inf,4089.409805,-25.73575325,2.281324675,790055843.8,7.241090909,97545718.64,486466358.9,131053870.6,1.175792208,48032606.61,72005007.52,0,63.92951948,1.736753247,1.383181818,0.337304543,-232.1627212,-0.296210259,-1.128114937,-0.205768571,-0.147943897,0.675714286,5.906797532,5.923300208,5.984508,5.791954753,1063730.013,817124.013,9.004979221,3.939179688,5.84660455,5.787695314,-28.97085714,1688305.039,1487461.468,2.503246753,0.020205195,260142545.5,0,1471096894,1499827699,0.232654677,0.21562714,
Aerospace & Defense,10513734821,11197462680,91737718.92,12631352087,inf,inf,2.903838153,249.6492288,258.2643585,6.010858491,11.19565094,4874664678,27.91214151,535229455.5,2429498123,580349546,3.17904717,231744502.2,405464973.6,0,79.31728302,2.384820755,1.596915094,0.202941416,-2.746168997,-0.140980754,-0.269559435,0.576739718,-0.060847831,7.852198113,61.63175377,62.05237554,62.95904724,61.58324063,1817871.811,1050066.84,69.23690858,40.80206403,55.60346351,59.38789887,-57.86073585,2961364.925,2913293.274,2.273867925,0.031586793,577334581.1,0,1594955411,1625661645,0.164868868,0.350922548,
Agricultural Inputs,2955917851,228582294.3,100892752.3,3907738256,3.343511221,inf,1.10235527,117.9473203,117.4436389,1.229,8.49375,2447238846,16.14769444,421381775,1066340995,194214162.3,1.451944444,227277267.2,393446546.9,0,68.41452778,1.522444444,0.812694444,0.424892221,-267.1525444,-0.024098057,-0.330372786,-0.069053608,0.00233861,-0.04,29.56132781,29.16182794,29.21814739,28.85110294,968623.25,490361.6389,36.05271694,23.79856767,29.75626362,28.88855671,42.48733333,1104049.278,1075346.111,1.973611111,0.017275,555151200,0,1485110400,1514944800,0.198977497,0.242291391,
Airlines,4206403618,167943357.9,188053033.1,10317753418,2.304764232,inf,1.883155348,0.398488474,1.002,6.687090909,11.9355,12498297905,66.66786364,1304237471,8095196536,2294122577,11.23918182,-298309025.7,1026000003,0,224.2840909,0.743227273,0.584954545,0.200076364,-0.004358638,-0.1394,-0.075229545,-1.772063187,0.004144546,0.163545455,21.35431818,21.37840918,21.65488645,21.14955009,9807060.818,4357386.364,29.50455909,14.65295464,21.9689534,20.22398909,1.494090909,16170093.05,13734953.55,4.144545455,0.101177274,805640727.3,0,1689277091,1720891636,0.121807275,0.585849997,
Airports & Air Services,2749628307,177934242.4,128094355.5,23772258426,3.723592062,5.642737105,1.799379241,310.5785698,244.8772727,3.989090909,21.61681818,6394410678,116.1482679,4003249919,6058850477,2820192586,8.904272727,1166290021,3194469355,0,44.99490909,5.714363636,5.000272727,0.383511816,-468.4199845,-0.030610903,-0.029463638,0.13041091,0.125490005,0.288636364,53.84507273,53.43943636,53.96047273,52.74578182,1074219.273,1063608,68.53136364,31.94145455,53.2896075,50.90517916,0.961727273,8843518.364,8568904.727,5.849090909,0.057254546,614036945.5,0,1549073455,1577821091,0.234564554,0.308158181,
Aluminum,2260999915,85579783.33,75828022.67,3232154148,7.402433933,8.076736667,1.437202248,0.363211742,0.546833333,10.60016667,11.6965,3792798989,53.49566667,258844166.7,1007236693,287416166.7,1.987166667,145734358.2,205571833.3,0,100.6708333,1.290666667,0.570833333,0.065019999,0.025835,0.012480001,0.013303333,0.064346668,0.045081668,-0.010333333,22.95,22.67836667,22.7592,22.20428333,2064110.5,1446838.167,32.07838333,16.09336667,24.3104335,23.23236667,2.101666667,3444459.5,4200278.667,2.181666667,0.0432,746265600,0,1330574400,1356912000,0.079481667,0.53736835,
Apparel Manufacturing,1642038161,161568582.7,102199224,2161598788,8.351564193,11.77105266,2.432153252,6.982603252,10.396675,-8.43955,6.0957,1738443545,22.567575,193594716.8,710898263.9,199111518.2,2.248625,185983715.6,209104064.9,0,632.8765,1.485275,0.72785,0.311015498,-2.131087498,-0.048561248,-0.462204258,-0.752059262,0.019855249,-0.085275,18.90030753,18.93164273,19.10326023,18.65177773,2917786.15,1545953.3,27.6868855,12.52097773,19.09453094,18.15192196,-8.287207175,4866447.4,4770304.6,3.24275,0.062762499,667755360,0,1495195200,1524411360,0.179492002,0.404636,
Apparel Retail,7378587208,225342455.1,132499233.1,8213892091,7.04115841,8.864884803,17.03997821,42.41109969,42.99517949,8.750589744,11.44074359,4720999761,51.32402564,545665263.8,1359041429,520963721.8,4.650871795,301606139.6,506020453.3,0,139.7887436,1.62074359,0.591179487,0.450073329,-0.433703052,-0.066328208,-0.015800515,-0.221371538,0.015088718,-0.001461538,45.25051282,42.97323595,43.27540774,42.19019492,1447136.846,1209502.026,59.68754872,25.96359005,43.46122353,43.92380077,-0.597641026,4577352.897,5058054.744,4.718717949,0.088592308,744570830.8,0,1683304615,1714918154,0.163905898,0.696466151,
Asset Management,2350988439,321573024.1,23923893.19,2884482876,-2.706215957,inf,1.146009156,240.1082253,135.2976949,1.563159926,11.67729412,636350469.6,5.154176471,97571815.1,1125944825,530148465.4,2.678516544,41384691.3,116129880.4,0,55.08354044,3.258564338,2.843606618,0.716734209,-55.5012395,1.55479894,-0.342930607,0.036728456,0.016243787,0.136773897,18.31730625,18.75775061,18.84680502,18.61874454,326281.5515,301439.579,21.58713053,13.75449621,17.86181699,18.04731786,-8.693555147,727833.3051,701595.5993,1.330459559,0.018188235,1535145035,0,1385663824,1411689759,0.0479075,0.310772775,
Auto & Truck Dealerships,2596789638,82086657.22,101290978.2,7576833557,-8.394056989,inf,5.972146612,195.0274341,200.7100833,-3.156472222,34.84122222,5560059711,179.0856111,304831006.1,2480121000,201655299.9,3.459472222,-97194425.92,102192292.1,0,498.6139722,2.335388889,1.669972222,0.257809444,-0.389168334,-0.200823612,-0.025136111,1.845654169,-0.119633053,0.402472222,50.90370558,50.74316114,50.94318611,49.82911669,1557315.5,684389.3611,74.45428611,33.80250558,45.57524699,48.75762132,-0.456555556,2847881.778,3053893.806,5.131666667,0.07855,492127200,0,1636401600,1667124000,0.145234167,0.51762278,
Auto Manufacturers,28232190494,725863005,658475710.9,3.82684E+12,2.220695198,inf,2.427513836,inf,1121.41204,-5.21006,-1106.74984,2.05147E+12,625.817266,-4.12051E+11,2.6187E+12,4.41293E+11,71.41242,3.11331E+11,-9.4687E+11,0,41.73558,3.40192,1.1914,0.0403036,-56.68386849,-0.246634399,-0.286385202,-0.361954198,-0.1382006,0.45424,23.212084,23.32585202,23.53970202,22.99712602,7594476.86,8071618.62,385.141425,15.27945202,34.95797245,23.48878836,9.05768,18683141.08,19361902.56,3.3142,0.048196,240148800,0,1558509120,1588215168,0.244905597,0.118316801,
Auto Parts,1950210358,262212956.4,194206289.6,2698352400,7.512819413,inf,1.571578333,116.6629847,104.3539041,-2.878315068,12.25126027,3395946739,39.66739726,297590578.1,920757187.4,255472260.9,3.550232877,120096724.9,238802617.5,0,73.99338356,2.523287671,1.819369863,0.114686846,-18.35841124,1.295826438,-0.5820063,-0.385860961,-0.004292876,0.165287671,20.90580549,26.35301856,26.5483761,25.91028432,1970144.192,1038834.178,38.4696911,19.76396432,27.67008296,26.05018265,6.306178082,4916445.137,4324534.26,4.814246575,0.041247945,593849687.7,0,1623669041,1654841688,0.11619548,0.47101534,
Banks - Regional,3053535872,95662554,81655100.5,2016493888,14.91994475,8.9958335,1.6135892,6.35052775,4.7635,0,31.5475,486761504,10.4835,0,1318245956,2604550016,45.9895,0,166339000,0,0,0,0,0,0.36506501,-0.41756,0.002065,-0.00451,0,1.715,62.86,62.655,62.8525,61.47,3788569.5,1230333,63.27,44.975,53.101725,58.6269,0.519,6188011,6279638,6.555,0.054349998,1727049600,0,1703980800,1735603200,0.160290001,0.766875,
Banks—Diversified,1.23117E+11,3790213987,4681729390,-4.43244E+12,9.69601126,14.33732875,1.335453999,2.238257936,0.1353,0,700.8946,5.06383E+11,71.01015,0,8.77332E+12,1.34383E+13,4856.6383,0,-7928919915,0,0,0,0,0,0.366255002,0.244975001,0.006989,0.103541001,0,0.1242,50.8405,53.344,53.636,52.94801,7886504.95,5931158.65,56.3155,36.7955,48.5916425,51.31775,1.04145,15723686.25,15092298.35,4.6455,0.004,1721990880,0,1703449440,1735063200,0.0082025,0.393634497,
Banks—Regional,2188318962,128250161,319725187.4,2.12989E+11,6.094347074,inf,0.941359559,16.76419143,3.046126531,0.003929252,581.5566463,1.30262E+11,317.7015249,339904.3306,8.56155E+11,6.86957E+11,982.7831224,1818037.78,-1.04994E+11,0,1.076331973,0.042915646,0.017834014,0.006813646,0.209749454,0.166370081,0.00600917,0.047768843,0.000219633,0.017072109,105.3282396,124.4527172,124.8153991,123.4147544,616135.1878,373767.698,136.8086383,107.562399,120.8846287,124.3311397,25.57902527,1171806.916,1132283.088,2.414027211,0.011812245,1397825750,0,1550132846,1579335693,0.07884834,0.263497224,
Beverages—Brewers,36970712782,2781104884,772196628.5,1.59301E+11,9.903474,12.32107873,1.050738461,0.890321884,1.254181818,-8.046727273,380.3105455,3.1238E+11,1459.614706,36934104894,1.60732E+11,71178924351,162.639,3298231123,31390737695,0,38.36154545,0.933818182,0.551363636,0.323381821,0.093263637,0.062316363,-0.422152726,0.080307273,0.136220001,1.237272727,68.91636364,68.57468182,68.83604545,67.73331818,5730321.636,5703809.273,87.93063636,63.07095091,73.65479917,69.03149429,6.992363636,3292572.364,4556304.091,2.200909091,0.010554545,936497454.5,0,1487847273,1516579200,0.104813636,0.282160906,
Beverages—Non-Alcoholic,14371712473,1847368587,434166466.6,20314206038,-0.421647709,inf,4.170143504,66.3264913,46.23276471,-4.228372549,15.13817647,8882779057,43.77443137,1720118531,3828375816,1401853651,5.343509804,755713998.4,1506756962,0,41.07645098,0.976490196,0.524607843,0.243337842,-6.179450451,-0.167316664,-0.671136854,-0.286063726,-0.080089803,1.072862745,37.72650198,37.75422396,37.84010827,37.36292788,2950470.941,5580597.431,42.32989451,22.1923618,32.12991358,36.86739247,129.1791569,3096360.373,2784846.392,1.515686275,0.016131373,292247152.9,0,1378191812,1407296753,0.115406667,0.175011568,
Beverages—Wineries & Distilleries,2799561834,1087744477,136774769.7,11537434958,8.479077901,inf,36.8915745,29.35024749,16.52667857,-2.188107143,-4.546892857,815188896.3,5.151507357,238149794.5,847550187.7,61266773.54,0.234392857,52481674.54,151108512.8,0,62.64857143,1.884535714,0.755607143,0.168269285,-5.739578968,0.616673148,-24.81688178,-2.847360855,-0.198673918,-0.055428571,9.181428607,9.069635857,9.136489429,8.846814429,2015717.214,542405.2143,12.77130821,7.573250143,9.268654023,8.766446129,2.763035714,701347.3571,791934.0714,1.4125,0.019389286,123169371.4,0,1464100457,1493427086,0.153012858,0.093998213,
Biotechnology,1860615827,152628769.5,130209163.8,2199920601,inf,inf,9.759605881,inf,368.1915916,-6.586136145,7.576673494,442570905.1,3.599004843,102525979,155814785.4,325683164.3,4.14703012,45733459.96,101907891.9,0,82.75728795,7.177715663,6.754921687,0.166754638,-1899.177315,1.29763435,-2.142895461,-1.00065977,-0.189034771,1.212721687,13.10375501,13.02788984,13.3148474,12.79578664,1489478.392,922142.5518,23.54903486,7.265690572,12.71260705,12.82099226,-0.599859036,3687930.445,3659357.634,6.421060241,0.068895422,39618876.14,0,1664866895,1696135576,0.145540735,0.424329349,
Broadcasting,9911719438,3369320130,115146672.4,1842318575,-16.50848871,3.735648321,0.56309447,8209.532011,389.7118333,9.8107,50.8997,851227778.3,15.1784,127567816.5,1080690522,74407193.87,8.949933333,68733915.6,53485177.27,0,189.6024667,11.42376667,1.567,0.209582,-0.821417998,-0.081745,-4.903135335,-0.280224999,0.002126333,0.722266667,7.684743333,8.842196733,8.927066733,8.705876733,1244947.467,2502651.733,12.40295167,7.099958733,9.97124558,9.83287964,0.829866667,2287705.633,2728783.433,2.026,0.026243333,560952000,0,1488081600,1517564160,0.163208,0.283305668,
Building Materials,8384288138,161823787.5,727364347.6,22523729816,10.31121165,16.02509496,2.822987127,3.279344314,4.340565217,8.406173913,253.9288261,17751791369,162.1448696,3960022991,10577720742,400355203.8,2.832521739,-5394545010,1715773728,0,54.77186957,2.548652174,1.697,0.244371305,0.681119995,0.074487826,-0.007339566,-0.049722174,0.148562174,-0.014217391,75.20666957,119.2028435,119.6575,117.4548479,2040844.435,935953.4783,126.2496739,85.67792178,110.3515078,112.5006609,0.867826087,1668285,1888509.13,2.44,0.021734782,1036108800,0,1459081878,1486564591,0.08856522,0.363934349,
Building Products & Equipment,9323427595,147935086.7,86684279.05,10552787344,14.08216085,inf,4.473823955,62.99160001,63.14228571,13.16080952,14.2407619,3604756691,39.7715,595337335.9,1446401303,257588894.3,2.928119048,344715653.6,462993153.5,0,94.17169048,3.641214286,2.457357143,0.252488094,-0.211716169,0.05033119,-0.004051667,0.234034526,0.066585239,0.06302381,80.55154762,86.55367143,87.44208095,85.72423095,1246838.595,755790.8333,95.01017381,48.80467857,76.13199366,80.84631332,1.64152381,2503612.381,2439979.143,2.837142857,0.032830953,792374400,0,1627206171,1658061257,0.104874047,0.647007617,
Business Equipment & Supplies,455412662.2,1152040831,22651187,540738411.1,4.684143108,inf,1.040741114,143.1561218,9.912923077,7.963384615,4.871153846,627525053.7,95.13430769,68212717.54,184808504.1,81247405.31,1.488,45391991.77,62370330.85,0,62.41630769,2.508769231,1.844461538,0.238154615,-6.903914617,0.010997693,-0.214247689,-0.101232306,0.048283845,9.046307692,7.947692385,7.934892615,7.936046462,7.791431077,555223.2308,151688.3846,8.684138462,5.509254154,7.094513031,7.747254523,17.605,546092.1538,461888.2308,1.915384615,0.010115385,736214400,0,1386327877,1415484554,0.051403076,0.32612846,
Capital Markets,5617916055,992965427.8,543726814.5,-1.02499E+11,5.719258415,inf,12.18780994,885.1105477,23.55321374,16.37482443,22.96738168,15014897554,42.2110458,28322116.71,2.79271E+11,3.88691E+11,175.6855954,-8149210.87,-433997652.7,0,113.2498931,3.874877863,2.196923664,0.48254122,-59.65088141,71.34174518,-83.84771882,-6.097189693,-0.112164959,18.77562595,24.17698474,24.60887787,24.73986947,24.20333742,2671058.092,2500103.344,28.69658863,14.91677345,21.63156267,23.43812835,61.57063359,3467145.977,3401773.748,1.763435115,0.024664122,493768745,0,1572263011,1603374266,0.175755344,0.201452977,
Chemicals,2590325267,275091817.3,158253674.2,5866203225,inf,inf,3.932807054,4.98712585,4.334214286,4.652285714,14.38560714,5490475548,28.25839286,498568526.1,4041626456,901206652.7,4.28075,219919291.6,365264145.9,0,62.01225,4.818642857,3.898785714,0.200479999,-0.607760367,-0.131555002,-7.420820001,-0.465964284,-0.122123924,-0.012035714,16.87152143,16.88152511,17.06201082,16.57560368,1141977.714,571467.5357,22.17221107,13.72835761,17.91083796,16.88410796,-15.50296429,1948186.607,1976631.321,2.296428571,0.026882143,842699314.3,0,1570903200,1602500914,0.120633572,0.35780143,
Coking Coal,1537933747,48112184,41030321,1488617181,7.0281615,7.115495867,1.202042333,2.145276258,7.885,1.294,43.27083333,1759066142,79.722,362987777.3,187044772,240626065.3,9.418,102819090.3,355012719.7,0,19.90166667,2.7055,1.911333333,0.138573338,-253.4716033,-0.294523333,0.058910002,0.159713333,0.174890002,-0.2,69.50166667,69.27528333,70.78886667,67.66003333,3253229.167,562969.1667,125.2566667,60.49333333,93.20810917,77.72782667,0.858333333,2977396.5,2409537.833,6.003333333,0.094883333,1432972800,0,1703980800,1735603200,0.101998334,0.769716675,
Communication Equipment,4354035855,352526059.3,195649908.9,8299076625,2.43310682,inf,4.817552646,62.94484943,1360.95224,-1217.777625,5.046019231,4035870787,13.06838462,686683064.3,1571520883,823340681.7,3.102461538,619035857.1,552292340.1,0,86.25346154,2.132701923,1.406509615,0.317309328,-17.64680233,-0.269349327,-0.358087213,-2.126397278,-0.181128462,0.06825,19.05739185,50.79075494,51.02159037,50.5389894,2648518.087,1411917.683,294.5817341,17.02695344,203.0077988,221.3731334,-222.5411827,2932100.692,3048803.183,3.011153846,0.032914423,353967507.7,0,1536740308,1567422277,0.117300673,0.279826348,
Computer Hardware,6994717394,353077787.9,367289247,7488064788,1.297377789,inf,9.492804359,11.65495602,101.3860755,-19.34933962,5.277433962,3870680933,15.78643396,392159433.1,922660114.6,487677818.6,3.092396226,160691393.7,262247815.9,0,31.80464151,3.182849057,2.412698113,0.24464434,-8.079048584,-0.31249642,-0.221611887,-0.847188123,-0.216862262,0.044339623,28.53171134,75.48292743,76.17279913,75.34882743,4237571.83,2537366.094,109.7433219,53.24847272,80.06422608,76.9071321,-2.42545283,4791047.472,4543491.66,3.13754717,0.039750943,367348347.2,0,1566418958,1596817087,0.122954528,0.289606042,
Confectioners,28215344499,525217742.4,299803062.4,33022468180,5.44298108,14.250156,3.497383571,3.91440882,2.2682,7.7588,10.7522,9553877904,19.0992,2207382005,5205192629,399573249.6,1.0586,892920032,1431897148,0,53.074,1.3824,0.696,0.397527994,-0.054725998,-0.0591,-0.003466001,-0.116248005,0.056548004,-0.05,60.828,60.9860002,61.6290602,60.3170002,3013924.6,1627908,65.8132432,53.7300002,59.4969308,59.7429,5.4056,4371851.2,3862869,2.874,0.03414,1677456000,0,1616664960,1648252800,0.219098012,0.493224,
Conglomerates,2447179784,441231409.6,27672931.12,3445509063,-3.316558149,inf,1.900476725,43.49042439,1.682905263,0.415968421,81.95251579,1589389697,170.1324105,264300651.5,1051102926,271080396.7,32.54301053,197277157.1,175076320.1,0,175.0553158,1.929547368,1.007831579,0.236939053,-70.63949632,-0.012474635,-1.086957416,-1.296683195,-0.063617579,1.473105263,67.71858526,69.87901492,71.19727913,69.26751386,414275.6947,872652.5368,82.30151547,58.17008786,71.06867734,69.29179303,95.97813121,343702.0526,342469.2526,1.166631579,0.00555579,429635368.4,0,1308354291,1336616185,0.135897893,0.135052,
Consulting Services,2206236712,429495795.1,142605658.4,2371406328,3.435991819,inf,4.634046358,876.2153061,888.0453077,4.758846154,6.7625,545663757.5,12.52367308,100344478.4,274751839,33164932.15,1.040307692,49635672.35,65563343.04,0,40.28540385,2.794134615,2.052326923,0.390285581,-72.09903924,-0.12661211,-7.039209232,-0.263347505,-0.031716733,0.463730769,27.72116154,27.92213123,28.08050237,27.6352639,702779.6346,1106842.769,31.46005808,18.96476967,25.46413715,27.30807309,0.451423077,209111.1731,181592.7115,0.525769231,0.004128846,294371446.2,0,1346989292,1374324923,0.236945192,0.160059231,
Consumer Electronics,1.15893E+11,633932259.4,567387718.3,7.38051E+11,-7.766840171,8.352276476,2.491261615,93.68398743,116.1703548,13.66116129,706.3747742,1.21303E+12,1334.339677,1.59259E+11,6.61655E+11,98718282825,165.4232903,94714292223,1.03127E+11,0,27.22141935,2.375064516,1.555935484,0.301166455,-20.24794942,-0.118500968,-5.45687742,-0.412047745,-0.07533742,2.188967742,13.13457419,13.19161623,13.37765816,13.04173558,9675782.839,2438007.194,18.2554,9.343723,12.71447419,13.6685815,0.665096774,6110166.935,5281181.387,1.742903226,0.032890323,327748645.2,0,1574600981,1605161497,0.222585162,0.191821611,
Copper,15316381533,387118444.2,255629061.7,17554629608,19.8396647,17.3972737,2.65834595,35.13705206,34.3385,9.6237,4.7277,3857861879,4.8566,1594903684,1951536159,846870020.8,1.1463,238393673.6,1045915149,0,55.8701,1.4911,1.0799,0.353736997,-8.913134998,-0.003024,-0.652834044,-0.817034001,0.271226999,0.4346,20.1481,20.3091,20.40679,19.98245,3312079.5,1986779.6,25.481427,13.632379,19.69573063,19.83480784,1.01,4712768.4,4677373.3,3.992,0.01941,516948480,0,1697941440,1729555200,0.251716,0.371838001,
Credit Services,18020745517,359599803.5,320354814.6,21305337212,6.699674044,inf,2.968030755,22.47638045,23.28190244,3.906756098,24.12460976,3989868871,19.867,1016597390,5834826816,3575076581,10.83214634,1381659171,1799340366,0,201.5485244,5.369439024,4.276560976,0.521039512,-0.959308781,1.26639773,-0.387655366,-0.097620231,0.004175487,0.109121951,40.12424878,40.70442437,40.95676095,40.08908534,1474351.463,1562024.146,45.38526782,26.87033484,37.17184917,38.86361747,1.831121951,4864600.171,4743825.378,3.870121951,0.035812195,741049639,0,1548657834,1579103298,0.146301951,0.363356343,
Department Stores,2790467448,130887648.7,296438853.7,7.24644E+11,6.834116167,26.41732575,1.428710254,0.239464863,0.409666667,4.581333333,870.8816667,3.4932E+12,21592.4785,1.79784E+11,7.17822E+11,2.16385E+11,178.8376667,1.117E+11,2.30395E+11,0,144.1043333,1.249166667,0.407166667,0.304828327,0.039583333,0.023776667,0.047431666,0.142625008,0.073083333,-0.017666667,71.4305,71.81883333,72.9843,71.25745,4739828.5,2575764,93.27383333,55.25166667,79.080785,72.52634,4.630166667,11732329.83,11415822.67,3.583333333,0.161866663,1437652800,0,1705939200,1737561600,0.23786,0.552186667,
Diagnostics & Research,9180748387,790340227.9,68381206.93,10157820521,-6.023927287,inf,7.925589838,5.025832407,7.597229885,-4.239804598,12.98524138,1817073418,16.52652874,369775926.3,1307636291,335550824.3,3.16008046,241964833.3,325957077.3,0,64.36774713,2.339482759,2.020586207,0.336106207,-2.408404465,-0.29866115,-0.667704597,-0.361211614,-0.219975057,1.505781609,66.61546322,67.00045063,67.23372076,65.50264145,1117299.034,1036539.724,78.55467931,44.63467805,63.5735981,65.66601655,-4554.608161,3121466.724,2878429,3.053333333,0.030902299,252095337.9,0,1574030234,1604180855,0.122492414,0.412365516,
Discount Stores,1.06037E+11,895393737.8,546254412.2,1.16098E+11,24.22821695,inf,4.513466604,0.736066034,0.897636364,10.90163636,24.28290909,1.07155E+11,196.4933636,6372012096,12246172099,2753246022,8.527727273,1698972042,5921036256,0,365.0811818,1.092,0.301,0.231005453,0.040164546,0.011609091,0.042256363,0.001782726,0.053554545,0.083090909,145.2123,145.2800455,146.3165545,143.8059909,4479821.636,3353977.273,167.0628273,94.86470636,136.924067,143.8453889,-10.55354545,9418338.727,8482735.909,3.546363636,0.063363637,938084072.7,0,1701058909,1732673455,0.055694545,0.792572738,
Drug Manufacturers—General,1.75967E+11,1554165986,1498846387,1.9241E+11,10.77684941,30.81796721,13.05486788,4.196480583,4.830666667,13.34583333,18.92666667,33503113890,22.50623206,11925362084,28853599714,6147834774,4.787555556,6432670656,8084117783,0,526.7811667,1.392111111,0.929444444,0.653266117,0.181702221,-0.032650001,-0.068835556,-0.262518333,0.17418611,0.084555556,134.3049222,134.4791667,135.8359778,133.3827611,8693788.944,5716421.278,146.2583333,94.85316667,122.5336767,132.0974822,0.546277778,14895921.5,14909476.72,4.118333333,0.021622222,1334558400,0,1703980800,1735603200,0.034926667,0.527952779,
Drug Manufacturers—Specialty & Generic,1256933680,1493903445,409242487.8,22112227312,5.070314065,inf,3.077631422,inf,159.9638435,-16.46375573,27.75670229,18331751852,13.77652607,4875448946,23792771857,3502071129,5.05820229,2061220113,3242815248,0,135.3856145,1.734290076,1.107435115,0.317090343,-41.16519188,0.259881003,-11.16115747,-0.752039309,-0.150970306,17.65501527,5.601990076,5.621116935,5.682587924,5.51850205,1432028.565,1492422.26,11.33640763,3.656289454,6.158409017,5.616543094,-12.38235115,1909717.149,1898058.031,1.555381679,0.021906489,105624659.5,0,1539907860,1570410027,0.169221222,0.15113126,
Education & Training Services,669340427.4,194532956.1,63059129.9,2010810811,3.160812719,inf,4.584188714,126.9128426,103.4072794,-29.17285294,23.54205882,743460676.4,36.83379412,63252479.75,242087770,342057850.7,8.906205882,37229058.9,75266609.38,0,93.19298529,1.681,1.413823529,0.457044705,-0.797081184,0.034603086,-0.218673968,-0.153806618,-0.158067356,4.908073529,22.02775147,22.33414418,22.44329419,22.0826089,420506.3676,485052.4265,28.49393338,15.5846089,21.60926959,22.070328,-3.192205882,1505898.015,1468761.485,1.946764706,0.027177942,462396282.4,0,1563161506,1592895812,0.256089852,0.267366617,
Electrical Equipment & Parts,1519126963,644264441.8,212179766,1709588708,29.63603204,10.0148781,2.77359887,81.43578057,87.90775,18.15901389,4.660166667,571927638.5,15.99923611,64835766.42,281092631.9,101303153.2,2.902125,23689838.54,44260390.63,0,199.1135417,7.339430556,4.529916667,0.132240137,-79.28786388,-0.200630275,-1.101114306,-0.478821942,-0.185355833,1.84825,23.42780696,23.54095149,24.07558899,23.30380565,7679206.722,2573777.944,34.77116875,14.92392385,23.69381303,22.53016006,-44.45522222,8794735.056,8326851.722,2.66875,0.045916667,434323200,0,1606962000,1638126000,0.215853056,0.262503191,
Electronic Components,3912326013,301863128.4,67908244.21,4186593157,7.445392999,inf,2.416662088,4.439382533,5.996967742,2.305274194,12.26959677,2224563204,25.33540323,271212638.8,504728847,239433520.7,3.691467742,154279639.9,241133951.9,0,64.40504839,4.204580645,3.252903226,0.380767259,-0.764530484,-0.138018387,-0.095285645,-0.359287417,-0.095377581,0.069903226,31.47021129,31.70595011,32.04818397,31.28207431,3095778.097,1406884.274,40.08129694,22.15641753,30.00753209,31.22184222,-63.24274194,1351610.226,1427073.71,2.457580645,0.022201613,560448929,0,1608893419,1639980697,0.182856613,0.387429679,
Electronic Gaming & Multimedia,3646763195,696741010.8,87060882.88,-5930053119,6.041421304,inf,6.39189179,247.636784,-157.7647674,14.41690698,1710.826233,16334570653,1853.014116,2983468968,769060906.2,15127321886,1694.795791,664574811.5,1026801159,0,54.62211628,2.628930233,2.21772093,0.337780233,-328.0868466,-0.186510228,-0.856814886,-0.510717451,-0.163541401,0.408790698,13.41552791,13.40938102,13.53503684,13.17122986,1654791.93,602013.8372,17.48503047,10.95605079,13.8202877,13.81107485,-2.159674419,1567966.698,1405004.465,2.098139535,0.019213953,176555386,0,1513346233,1543471702,0.226558836,0.113582093,
Electronics & Computer Distribution,2038402555,23307657.63,18920558.75,2691564561,6.490673438,47.94763775,7.888295047,1.531688839,1.4708125,154.7158125,27.9061875,7892049926,142.63875,310122255.4,813367249.7,163663469.4,4.5823125,264169184.3,278023516.8,0,60.8258125,2.734875,2.017375,0.184901876,-0.76117375,-0.084772494,-0.00052375,-0.842620616,0.032124375,1.6338125,46.949375,49.94035013,50.52222513,49.28472513,571095.9375,150324.8125,56.40689375,32.82250638,44.40455,47.01467625,13.674875,769539.25,730573.125,2.585625,0.02994375,630001800,0,1618309800,1649905200,0.21129875,0.4006425,
Engineering & Construction,3929832634,101824645.8,56091065.02,4491963902,12.12774075,inf,7.490518292,36.85687002,48.03232759,14.14912069,14.85763793,3024845137,53.61498276,250642514.3,644040562.1,219810300.4,3.631672414,159135994.8,222927211.8,0,403.3690172,1.360482759,1.18587931,0.229587932,-4.764851723,-0.056947586,-1.330622762,-0.110397931,-0.014040003,0.094189655,62.89931898,63.51951038,64.39915693,62.68499314,615958.7586,482290.1207,69.49561724,33.67888969,53.59063292,58.25915297,100.0147759,1449120.81,1400832.017,2.767068966,0.029812069,563791282.8,0,1549023890,1578998731,0.174278966,0.895924309,
Entertainment,5422563154,794995598.7,297418077.8,6979692502,4.692822696,inf,1.414248278,inf,14.87728455,-71.93599187,3.782934959,2861289460,7.957691057,510766670.1,1763156101,475481358.6,1.573,728688934.5,361801080.7,0,137.0585691,1.631333333,1.387333333,0.340664146,-82.53211253,4.240378699,-1.763121438,-0.464904071,-0.13766569,2.269292683,14.39484554,14.52228232,14.61050255,14.29676272,2271166.789,1817633.87,57.58099008,9.087424431,13.98660588,13.88426854,4.221536585,3838793.919,3934441.626,2.618536585,0.029565854,304195434.1,0,1466756605,1496284332,0.169462112,0.186691625,
Farm & Heavy Construction Machinery,9627410230,1742765765,168518687.3,13036029390,5.552062172,inf,1.713042135,212.5345134,231.560175,3.319525,15.7054,5766782087,42.18715,1107128233,3924425738,533641280.8,3.401175,233305838.6,764406746.4,0,76.108175,2.5255,1.481325,0.1528475,-1.495219569,-0.042379499,-0.430327501,-0.25598775,-0.02976875,7.3258,44.1741725,43.96787602,44.21469853,43.34706853,4140834.05,885907.325,53.0104075,33.50476253,43.70367191,42.32314411,25.6374,2891265.3,2594199.4,3.90725,0.044415,780874560,0,1609165440,1639984320,0.157866,0.451457249,
Farm Products,1710103495,149709727,66225861.04,2365393833,2.529043029,inf,4.910222451,20.16308197,17.3036,14.89875556,8.407422222,4833169329,24.35253333,234257011.9,767039664.8,140859500.6,1.138066667,103828420.7,240734296.2,0,101.44,1.073288889,0.494311111,0.082553111,-16.73733406,0.110897533,-0.515188668,-0.391072451,-0.175548883,0.6068,10.63704,90.93199584,91.01185584,90.69698251,1766802.933,854085.6889,93.60989091,87.67558691,90.06377464,90.57798863,475.6223333,840009.2,753373.9556,2.16,0.017446667,448790400,0,1384483200,1411870080,0.229584665,0.193844222,
Financial Conglomerates,4506830906,74064425,169527276.8,7.03849E+11,4.213095875,3.38084775,3.445738615,1.119471913,1.8955,1.132625,450.218375,3.5692E+11,213.986575,1.16078E+11,7.99262E+11,1.24685E+11,124.010625,175321394.1,183644453.8,0,257.9505,19.5875,15.967625,0.4004825,0.075869999,-0.120283753,0.022085,-0.053237512,0.123785004,0.00275,32.905,34.09540625,34.3934,33.8504625,836608.125,529113.625,40.09875,21.72275,31.17994813,32.8012075,0.518125,1738219,1815940.875,1.3225,0.0814875,813510000,0,1467655200,1495281600,0.168407498,0.257817498,
Financial Data & Stock Exchanges,35005657731,198190919,161900093.9,38596024552,inf,24.52648922,5.259497672,12.05914642,8.575055556,26.32038889,24.19144444,3524392663,21.42683333,1590515772,4349454303,1022611671,6.666388889,1207273906,1354912546,0,52.39183333,1.126777778,0.753333333,0.708503893,0.203664442,0.18128611,-0.020647778,-0.044702766,0.320991109,0.154722222,188.4466667,187.5716,189.4081222,186.4115111,2039182.444,1348912.278,203.6220956,132.5125611,172.6215193,181.7790397,36.42588889,3615526.611,3580199.944,2.381111111,0.028911111,1420900800,0,1677969600,1709572800,0.138888886,0.59530167,
Food Distribution,2635634981,165655111.5,127070920.7,3662354497,7.540879519,15.19178104,2.370344031,2.00742788,4.247407407,8.365,14.61577778,8610260138,209.4125926,315846300.8,1098776917,77490277.41,1.660481481,142909864.3,251758304.3,0,80.32392593,1.422888889,0.803148148,0.19422222,-1.868848111,-0.090840741,-7.934902596,0.02371593,-0.030420742,0.010592593,20.21446633,20.23849267,20.67483156,20.0933723,780935.0741,340090.8148,25.25566296,15.02074859,20.38913397,19.64182101,57.04022222,1249928.852,1154442.741,2.351851852,0.018392592,476598400,0,1496598400,1525852800,0.217539632,0.315732596,
Footwear & Accessories,8762046956,1342325315,92376723.17,8966648333,12.48542164,inf,2.704399722,1.408274865,1.809956522,16.09356522,9.45126087,3557983336,22.407,516820876.3,903175608.4,709409881.5,2.933608696,398745349.8,520354951.3,0,115.1515217,2.237913043,1.222956522,0.360489127,-0.532225218,-0.070582608,-0.211016956,-0.09068348,-0.121928263,0.321826087,29.40513043,30.238574,30.69805226,29.83865661,4200611.348,1573181.957,37.39959957,18.62770443,29.25793224,29.78650879,6.247695652,4276465.261,4173355.261,2.74,0.082769565,493295165.2,0,1614579339,1646175443,0.113355216,0.465118693,
Gambling,2735608844,224507117.9,54576133.91,3314216503,-7.818471299,18.6081043,3.00332849,974.7844041,12185.26856,6.230558824,2.923823529,968653275.6,8.770852941,169288211.7,769161153.9,180864721.2,1.399176471,100214934.9,143587536.3,0,97.89585294,1.132441176,0.916735294,0.446585294,-5254.92085,-0.062547653,-1.471308781,-0.637045,-0.085969115,-0.017911765,19.20343529,19.31670297,19.58045003,19.08492944,1067854.029,649243.0882,22.87474118,12.71174268,17.38417466,18.11544846,0.876647059,1323086.382,1291843.735,1.71,0.018099999,294748517.6,0,1605126494,1635803576,0.246337944,0.262775294,
Gold,3423837107,1785520987,286807779.7,3743907451,inf,inf,1.328289946,inf,4.485829545,0.988545455,5.383454545,1529005288,3.502761364,540985364.7,364186976.6,248932376.8,0.632,44657322.34,454757417.2,0,12.04323864,11.07830682,6.419852273,0.18534625,-2.14080941,-0.016557273,-0.700942731,-0.247436715,0.090892614,0.087806818,9.019077273,9.18037508,9.301955761,9.080567125,4220248.023,1635729.466,10.08666591,5.74482042,7.780939531,8.742424426,-119.204625,2965369.841,2832856.818,2.455,0.006682955,521255127.3,0,1498289891,1527380182,0.124935227,0.255712046,
Grocery Stores,4395905561,30616835263,26752441053,8602129715,9.481903831,9.3062565,5.739710054,17.52688975,1.2688125,178.0974375,6.7031875,21278062053,77.5265,1116724451,4418465410,790311559.1,3.053125,-48246925,880103294.1,0,228.10975,0.8370625,0.3550625,0.282507506,-0.366151861,-0.1825825,-0.102624375,-0.21205562,-0.094504368,0.063875,19.947575,19.83172519,20.03675644,19.59572519,3418851.5,5273591.625,24.26126875,12.75551331,17.58644811,19.20144269,-1270.553813,4746478.375,4471778.438,4.11625,0.116518749,644587200,0,1642809600,1674405000,0.228425,0.33294625,
Health Information Services,1426132253,498973202.2,218886720.2,1630152522,8.070715827,inf,6.122303947,inf,13.95821818,0.967263636,4.948490909,614555749.1,8.542754545,68495893.62,354720153.7,164579304,1.8713,62329596.62,60900307.07,0,75.10227273,1.739481818,1.526681818,0.423622545,-18.41760328,-0.320232725,-32.29995796,-1.448828212,-0.126354453,0.1046,10.16507636,10.21556197,10.37845197,9.988171973,1078007.809,851792.6909,16.44891217,6.736447336,10.332014,9.757652513,-154.6743091,1937338.527,1991160.327,2.594454545,0.031799091,172189701.8,0,1617409571,1648721716,0.17714409,0.329011363,
Healthcare Plans,62341544938,392321911.1,272046143.3,70394974702,5.367624964,10.85169027,3.212301529,1.722110031,0.6492,7.943466667,40.34073333,95989334796,278.5908,5573047756,17064026532,9774011595,42.56966667,-1015880204,1729337350,0,49.3162,2.067933333,1.885266667,0.207110664,-0.150877336,-0.328258003,-0.056293334,-0.923298014,-0.090585334,0.098066667,154.0666667,153.5237167,154.87325,152.68031,3040201.667,2153643.133,181.7528867,122.3210933,151.1965976,154.6402143,1.1914,5834218.8,6813229.733,2.375333333,0.020186667,688037760,0,1647181440,1678798080,0.117041333,0.605767997,
Home Improvement Retail,45871643541,287276966.8,148077958,54414199456,13.58222639,20.66213958,9.078200228,1.238598399,1.292166667,7.05725,5.227333333,20401161374,53.1625,3140031862,9083482563,538216944.8,1.973083333,1539920267,2534771123,0,207.47025,3.913166667,2.024666667,0.407462505,-0.176606667,0.007948333,0.024773332,0.3601575,0.06904,-0.048916667,70.19166667,70.56544167,71.34166667,70.15793333,1364448.25,870191.9167,76.3275,49.33623333,65.75558717,66.01412533,1.372416667,3375711.083,3491709.5,3.930833333,0.066416667,1063893600,0,1653357600,1684965600,0.112798333,0.49807915,
Household & Personal Products,13615946128,886175721.2,252949812.4,15249357841,3.973007984,inf,15.60006088,inf,36.02984127,5.262984127,-8.333666667,4135006591,15.48492063,883485166.5,1920174053,437632672.1,1.203111111,476995285.8,714316070.6,0,105.8915079,3.728888889,1.67584127,0.445870003,-82.59002875,-0.117409049,-0.397216665,0.067406825,-0.085595234,15.94279365,22.25259368,22.3813901,22.67223137,22.11966311,3601651.762,1364018.413,29.65838476,17.32314279,24.01684603,23.19045441,4.268380952,3197557.206,2643613.857,1.880952381,0.025239682,524827885.7,0,1509675429,1539756343,0.316396187,0.293725396,
Independent Oil & Gas,1616875136,115822000,0,0,0,9.432432,0,0,0,0,0,0,0,0,0,0,0,0,0,0,0,0,0,0,0,0,0,0,0,0,13.86,13.9,13.96,13.875,518155,500165,13.98,10.65,13.079625,13.5197,0,1533116,1464183,3.48,0,1696982400,0,0,0,0.00016,0.19770001,
Industrial Distribution,8041575665,110072673.9,96171076.26,8973116135,13.35627044,inf,3.461868467,1.263922522,2.856407407,0.66837037,24.95422222,5089038932,92.94244444,562118615.1,1121343605,180977678,5.146148148,280043748.4,432644144.4,0,507.8178889,3.172592593,2.14062963,0.275506297,0.045262234,-0.036511852,-0.030884447,0.143072224,0.014982222,0.523407407,125.1034741,124.3716963,124.9527297,122.5970667,1536485.556,500427.1852,136.5349078,87.06009633,117.1936087,118.787707,119.4841852,1919738.556,1891668.667,3.845925926,0.033648148,732480000,0,1600336000,1630758400,0.111709258,0.655315554,
Information Technology Services,8320808589,896861783.4,305987259.3,7779037388,9.669648215,inf,24.01532175,inf,12.98438333,-20.76795833,13.1576,10623361128,21.39523333,1953144867,3345261520,4230571119,2.582733333,211359155.3,1954413867,0,71.084575,1.742816667,1.373716667,0.3009005,-3.550181166,-0.118367916,-36.70017083,-1.197472921,0.086990499,1.9573,34.70545168,34.66951848,35.03077514,34.35395682,1654458.583,986638.575,39.94049455,24.46258907,32.63907484,33.69413127,-9.323325,4245096.433,4256199.3,2.80825,0.030305834,374802480,0,1536067440,1566345600,0.147654167,0.318247416,
Infrastructure Operations,12121724597,305845674.7,228538263.7,15675612885,6.665476667,28.58760567,6.544823533,4.060287833,7.408,50.586,3.813,3242716651,6.386,514889018.7,4391118496,1257358355,2.015333333,155210213.7,449209000,0,181.5893333,1.232,1.042666667,0.712913333,0.134986665,-0.181379999,0.030896667,0.063286667,0.215330007,0.151666667,24.49333333,24.56,24.71,24.3333,126205.3333,436473,28.54,16.82333333,22.59162567,24.15056667,0.969,1235546,1434775.333,11.39,0.009033333,572054400,0,1703980800,1735603200,0.171430007,0.617343333,
Insurance Brokers,16489014479,96840828.74,117283281.7,19016135683,-9.066985479,inf,17.34457082,14.51992913,12.7,48.88036842,25.10763158,3689189195,48.53436842,988512100.3,2733569119,384723521.2,3.928578947,595484295.4,615051963.6,0,110.0544211,1.812842105,1.441421053,0.473295792,-0.824715794,-0.018924211,0.025977368,-0.130426838,0.102899475,-0.036052632,110.012,110.1458895,110.8267,108.6622316,766122.8421,401669.2105,118.84,73.31068947,94.06320585,104.5081686,0.469736842,1042501.895,1014204.368,3.275789474,0.0172,631829557.9,0,1703275958,1734875621,0.197804736,0.391901057,
Insurance—Diversified,10770379660,264748812.8,303945553.3,5339171330,8.084185869,18.57678603,14.77097001,3.658804843,3.192125,5.9803125,43.6513125,8932233055,27.4124375,1597388536,3510550885,10191055526,38.3894375,1212823960,1479170947,0,30.279125,6.8353125,4.935125,0.416301256,0.138969369,0.16406375,-0.2099,0.114679377,0.172704375,0.276125,52.549975,52.5390625,52.95141875,52.15743125,1942632.25,769937.3125,55.906125,35.48884375,47.22913313,51.03540713,0.7965,2432604.563,1911723.438,4.1375,0.01856875,1145642400,0,1592060400,1621690200,0.130660002,0.497899995,
Insurance—Life,12707883741,269880732,311839119.7,14845049908,5.959581417,11.7305795,1.362370106,1.504764213,1.602695652,1.196217391,38.139,10920605588,43.7721087,1089603575,7676344143,6964888624,26.98821739,-745946582.3,2758553692,0,61.30778261,53.959,15.80791304,0.320592606,0.110024348,0.091696521,0.009890435,0.082312608,0.120794348,0.410434783,48.28434783,53.24695652,53.6493087,52.89569565,2189486.522,819918.6957,58.70847826,35.07043478,48.64116739,51.29042609,0.114304348,3910718.13,3003664.913,6.88,0.018939131,1317851687,0,1644988383,1676599513,0.123360434,0.476857822,
Insurance—Property & Casualty,13167092158,91617295.71,76348783.31,13956441234,9.486483244,15.13934727,2.098942907,1.442487624,2.3986,5.250311111,97.92702222,8673333401,104.8645556,1178659668,1844114053,1192595404,34.15864444,1591940015,1639639403,0,26.43753333,0.994177778,0.521511111,0.262628221,0.110886666,-0.003507997,0.014161556,-0.047836441,0.044748444,0.188733333,149.9424667,149.6455844,150.5929089,148.7067111,1131903.267,480973.8667,162.2164156,111.1699296,140.3295733,147.1109595,0.702222222,1545220.4,1603281.111,3.265333333,0.031186667,1205708160,0,1674059520,1705674240,0.154579334,0.637153111,
Insurance—Reinsurance,5562790277,62370709.78,38195730.78,3263903864,5.639495495,inf,1.27617298,0.593469592,0.612777778,1.724222222,82.04811111,5952290017,106.5802222,278220660.4,1285038962,4402712069,81.05677778,1046750064,1976185811,0,30.663,2.441555556,0.872666667,0.182464443,-1.379153335,0.06430222,-0.035165556,-0.020767776,0.059617779,0.050333333,102.0733333,102.0421778,103.0655667,101.3682889,868670.7778,271686.3333,107.8002778,78.53445556,93.20853278,98.49435556,5.574666667,715508.6667,626752.5556,2.787777778,0.018377778,913353600,0,1654896000,1686508800,0.151839993,0.58938333,
Insurance—Specialty,3049501662,75828469,60128678.86,3039326559,98.20623104,14.85532731,1.622392508,51.03112129,59.71917857,-206.3128929,24.01235714,1409593018,21.49960714,291889837.7,904706349.7,656900218.1,10.56757143,159826808.3,421773320.2,0,73.49657143,2.848428571,2.061214286,0.466929281,-4.352911786,39.78720286,-0.002151071,0.059861786,0.165370357,0.109642857,36.41785714,37.97750361,38.20183932,37.34393218,950482.6429,361274.5,41.55673929,24.99825396,32.60158155,36.43045014,8.720214286,1937260.679,2012918.393,9.689285714,0.038071429,1115569029,0,1660030971,1691637943,0.10362643,0.572000715,
Integrated Freight & Logistics,7773502354,189167148,106358465.6,6795244003,7.728153776,inf,3.227599949,2.061654271,2.119454545,5.496212121,15.231,8613484460,65.6850303,1250357713,1834628401,946120292.9,5.824757576,380414823.7,1018932400,0,110.6844242,1.664272727,1.416909091,0.190858182,-0.158387879,-0.176386667,-0.028286362,-0.939922725,-0.130211206,0.069484848,37.74810606,37.53994248,37.76583642,36.64179703,1987572.485,3034100.121,46.17483333,30.50141824,37.71257337,37.95725155,-6.901575758,2164770.455,2137113.788,2.193636364,0.024093939,561089454.5,0,1605861818,1636510255,0.28608788,0.377216365,
Internet Content & Information,31867676898,524969128.7,232604145.9,32471837904,-5.972821423,inf,4.338116549,754.1548427,842.7245508,6.108135593,17.90213559,6466072148,19.51834746,2046788419,1570895900,3676601342,5.313381356,1007579830,2035854353,0,262.3320847,4.708313559,4.057364407,0.46559678,-181.9490302,-0.158161355,-0.769857121,-1.053835513,-0.108333307,7.969101695,18.02765933,18.04473831,18.40249339,18.00857051,2012213.797,1434168.458,22.70985873,10.81972288,16.81402249,17.2069854,29.3260678,3388597.619,3451108.144,2.25559322,0.033073729,275729491.5,0,1538036420,1568034061,0.200233645,0.25931127,
Internet Retail,45686531942,489680473.9,634234055.5,72206126157,-56.17594955,inf,3.252401067,16.09895968,11.69933898,-3.356254237,27.00713559,56031445661,57.33342373,7358088648,9027349403,18563142982,11.76583051,6152018793,8619896742,0,38.14167797,2.999237288,1.844067797,0.390812032,-1.585971848,-0.199663559,-0.074353389,-0.197373222,-0.187271018,2.809627119,51.58332034,51.80559322,52.03549644,51.18192525,4520977.119,2543170.339,57.95128881,29.96788712,43.93261854,47.39593004,1.308050847,6633253.373,6286858.39,1.868135593,0.047228813,198430047.5,0,1613407241,1643938658,0.231740001,0.299341015,
Leisure,1469134199,362858877.2,238061595,2481341091,6.833213154,inf,1.34792268,45.94990883,47.26491525,1.974305085,4.639644068,1121421627,10.13286441,191240681.5,1110912618,108037436.2,1.042966102,33425929.1,208739772.3,0,70.58391525,1.708457627,0.901389831,0.342320172,-1.148956269,-0.135307965,-0.228359323,-1.080445764,-0.118822886,1.634966102,12.33720175,12.51785775,12.64288995,12.19996283,1216347.136,973306.1186,38.13981712,8.231680627,11.92972614,12.06825578,-24.86886441,3288840.932,3392573.203,2.865084746,0.057228813,411373830.5,0,1538192380,1568707688,0.207466949,0.333731187,
Lodging,9172421666,83310078.7,154125920.8,16838165335,9.29626117,inf,0.922786762,21.86305856,23.4855,-19.3275,-4.7883,2865783642,25.2414216,894531356.7,4083917550,956052322.3,4.78515,605419838.8,808691120.5,0,67.58825,0.81215,0.70525,0.378894498,0.016382,-0.033011001,0.022840001,0.0645465,0.118842004,0.0567,52.593595,123.10422,123.416795,121.93249,2018073.8,664061.4,129.949305,82.05281,105.8481801,118.998838,0.03605,2033521.6,2032340.7,2.864,0.044215,1005812640,0,1531068480,1561092480,0.253869997,0.379490501,
Lumber & Wood Production,2364788923,97846103.9,22087296.3,2454614392,5.127128472,10.5722978,1.100859668,1.543186044,13.5701,8.9773,19.5432,1688317611,32.2866,213459669.2,348216748.2,275798175.1,4.2949,103547141.8,195329277.4,0,105.2003,1.7871,1.0363,0.200524003,-2.3160561,-0.047273999,-0.034242998,-0.141897001,-0.204371,-0.0516,42.40024,42.66436,42.78268,41.89714,217660.7,118726.1,49.03201,28.38971,39.51719215,39.4125709,-5.5548,644249.9,692339.8,2.878,0.0163,685679040,0,1576437120,1608016320,0.073451,0.286290998,
Luxury Goods,964102045.2,2265630437,165650124.9,1266447894,2.904914886,inf,2.028557531,2.601499992,2.201666667,-4.989095238,5.153714286,1046492485,15.99690476,118026211.5,697365169,398960613.9,3.154285714,81258055.81,109525632,0,109.290619,2.31752381,0.84,0.36678714,-15.65068286,-0.17059095,-0.038073333,-0.663883811,-0.045041428,0.242857143,10.47835,10.47365481,96.27084052,95.97345005,609950.1905,547769.619,99.31164524,92.95258148,96.49625624,95.34597906,-2.597285714,1771114.095,1856224.429,2.692857143,0.030866667,364426971.4,0,1541026286,1571114057,0.300109521,0.268922848,
Marine Shipping,1033147724,112322571.6,35692045.11,1452044213,3.81236885,inf,0.79515167,1.320290951,2.478078947,6.020526316,24.68536842,817381312.7,16.48026316,220838813.2,769440173.8,166971820.6,4.415184211,41646111.37,241349175.2,0,78.35060526,3.014894737,2.502921053,0.45392842,0.067708158,0.225284997,-0.351538658,-0.210936315,0.348466319,0.338394737,20.21134211,19.94137371,20.32597371,19.72833687,531970.7368,478796.5,24.80515263,12.64053424,18.47243465,19.48391916,0.737289474,1102082.237,993854.3421,3.151842105,0.023721053,1303816926,0,1674018189,1705636042,0.336180264,0.24764684,
Medical Care Facilities,2598086464,438939826.2,137039725,4309496386,12.79892206,inf,2.348935367,10.80458249,12.131,10.37375,5.226822917,2433042568,28.5910625,338852210.9,1513723321,118397593.6,3.3973125,105674070.4,233555509.2,0,299.6033854,2.173364583,1.176364583,0.35473573,-11.83318604,-0.166402916,-0.142810622,-0.279450314,-0.072899272,0.360625,30.6723875,41.24638781,41.45885853,40.85988156,812368.9375,470187.8854,45.61538698,30.18138375,38.07016243,40.21497439,20.11185417,1746614.604,1807905.531,2.8196875,0.034530208,355716900,0,1498507200,1528135200,0.168755832,0.350718538,
Medical Devices,3954955563,306057107.8,93722966.03,4348250715,1.881446643,inf,7.301222462,inf,57.58808145,-22.77303167,4.335746606,895049299.2,6.108228054,178148688.3,528501181.5,195308700.2,2.086819005,84580760.63,124655022.9,0,69.94447511,3.455271493,2.743357466,0.417365205,-22.48125078,-0.313339501,-0.800526885,-1.183261888,-0.238020904,2.783126697,20.66426652,20.59150954,20.82518013,20.1705032,800220.009,819941.3348,28.39419973,12.94972443,19.91473866,19.87767473,4.586049774,2293123.235,2346858.38,8.067782805,0.036538462,120654276.9,0,1652660764,1684264398,0.156065837,0.36091638,
Medical Distribution,6843476400,959456513.5,70335908.36,7624548520,2.963636927,inf,3.049641293,1557.676797,1749.714318,-1.922272727,1.3935,39506951107,238.2490909,617758031.6,1172245627,555704665,3.097727273,616704676,559412174.5,0,65.99163636,3.591272727,2.070545455,0.283059089,-73.77911136,-0.152865,-2.834679249,-1.48089409,-0.054186363,0.068954545,44.10636364,44.45590009,44.65342282,43.95649555,1175361.318,599046.5,54.13043864,36.52040873,45.96385018,46.86392865,50953.65164,1925869.727,1614285.409,3.055454545,0.035245455,602891345.5,0,1614179782,1645762909,0.134995908,0.30438364,
Medical Instruments & Supplies,5972058299,664149507.2,74873624.73,6476920447,4.099786381,inf,2.867147153,33.85718182,29.26254545,3.943363636,11.85871591,1223669180,10.14982955,261862037.7,782179208.2,281508305.6,3.178238636,140117388.7,191946303.8,0,30.37493182,3.038727273,2.190181818,0.408353639,-11.56769602,-0.029775111,-0.308165569,-0.974584661,-0.121976706,0.196613636,43.67641591,43.50034894,43.71074769,42.93396372,1904798.307,818439.0114,51.18117955,29.52657997,40.5188143,41.66299367,-38.57528409,2190416.114,2023111.227,3.226590909,0.040081819,332404363.6,0,1594713273,1625599309,0.162978408,0.40660591,
Metal Fabrication,1363050801,98273338.75,38804700.36,1510049585,17.39291573,inf,1.687071016,11.41296946,2.651857143,22.47978571,11.51396429,859207754.8,29.24371429,108780946.6,234016158.1,84049866.18,2.393214286,63471081.61,90124066.04,0,86.93875,3.072892857,2.085535714,0.213209287,-0.207812504,-0.190879286,0.011759284,-0.546864641,-0.00253714,0.269678571,30.96535361,95.10758943,95.34981443,94.708343,761413.9286,255222.75,106.0162643,76.40984057,88.41971894,92.55672929,-4.9565,1125648.536,970221.0714,2.517142857,0.038207142,941923542.9,0,1571353714,1601822057,0.167026068,0.448445001,
Mortgage Finance,2628904519,134963078.6,92764051.25,2.71214E+11,6.4474379,inf,1.19898761,inf,14.73442857,4.204464286,13.62778571,2585834013,14.39275,125841457.4,2.6901E+11,7434195846,12.05210714,-46211351.82,482957823.3,0,753.1991429,17.542,15.56375,0.62114,-5715.026829,0.086245714,-0.133446426,-0.383913209,0.001924643,0.095107143,189.2553929,189.2452501,189.4368929,188.9171465,457181.25,447877.3214,205.9844996,157.7246572,179.6576079,186.6028207,-1.056857143,8083769.393,7954549.964,3.328928571,0.028060715,696856114.3,0,1537188686,1567666286,0.129473575,0.275291787,
Oil & Gas Drilling,1312993687,667206388.2,99116845.58,2060045144,18.25235468,5.301540447,1.267904211,inf,0.989473684,2.939842105,29.24863158,1181768614,49.778,343283867.3,920016065.2,149674267.1,5.213315789,95506450.32,221614616.3,0,83.98121053,1.164052632,0.932473684,0.247567367,0.04323,-0.034377367,-1.509216315,-0.381986841,0.162748423,0.004947368,16.799158,16.64705274,17.40132116,16.56547905,2659884.158,1942701.789,24.85777421,14.56745011,18.73006413,18.33682378,1.102368421,12156174.68,12352819.26,3.712631579,0.064042105,689340126.3,0,1421225432,1449510063,0.056490526,0.450875794,
Oil & Gas E&P,3655667339,1157064172,158069658.7,4155391998,4.216500548,inf,3.142215961,inf,54.33509896,-4.506296875,9.752802083,1580472947,7.785458333,817659864,927991500.9,183049549.9,1.71534375,164976294.6,691327497.2,0,88.96998438,1.812447917,1.557302083,0.400577187,-9.851885444,1.420870729,-1.435497882,-0.13662885,0.103169375,0.436942708,22.74708649,22.60678234,23.29303364,22.55748052,2488578.813,1033162.547,27.07736359,17.36157661,22.07206026,22.78479244,195.1377969,4161638.891,3589071.458,2.4840625,0.022681771,649413450,0,1432145250,1460937600,0.147409791,0.228518074,
Oil & Gas Equipment & Services,38021811285,586089652.4,92704134.91,3125433248,6.16303997,inf,1.288704058,7316.200238,2.862386364,0.517318182,9.366761364,1946048884,14.60425,387385203.1,638663389.5,211381329.8,1.565465909,147896172.8,313269183.2,0,121.1634318,1.844818182,1.288772727,0.273860681,-0.776106594,-0.030121251,-1.790006023,-0.033463524,0.061697386,0.341693182,15.16862849,15.09872055,15.55167055,15.04607282,1078834.193,1490276.932,50.76039216,11.61033373,39.63190346,44.12021053,12.94346591,3061034.284,2974192.716,3.296704545,0.038931818,559570581.8,0,1551156873,1581685527,0.123312273,0.435032612,
Oil & Gas Integrated,56306352364,1050078344,1747985478,4.67372E+12,2.354271855,7.205747466,1.217440505,2.131811178,2.3,2.627862069,987.3148276,5.10734E+12,2291.319362,2.00806E+12,4.30489E+12,6.00778E+11,151.6540345,3.83484E+11,1.4425E+12,0,46.14975862,2.345931034,1.805517241,0.375664138,-3.112745174,0.001184482,-0.325182759,-0.064105866,0.161801035,0.085103448,27.12070355,26.98886907,27.80577941,26.87852424,4589183.966,3314467.759,31.34935172,23.11363114,27.39397314,27.63124138,27.17162069,10968459,9816338.172,4.639310345,5.306593103,1134822290,0,1624546428,1656147972,0.104691724,0.251923793,
Oil & Gas Midstream,12091064463,382412912.6,290271391.8,21071793608,9.502309061,inf,59.34087427,4.307660537,7.287051724,9.920206897,15.00931034,8010743601,29.95367241,1937528227,8492191963,375317235.9,3.348413793,394893090.9,1617319685,0,123.8130517,2.305982759,2.084758621,0.494992415,0.039208273,0.169564135,0.00484554,2.509728972,0.323786725,0.020758621,30.19359659,29.98263107,30.68116555,29.86517934,1403297.328,1416194.552,34.11630931,21.4123621,27.86600662,29.72708828,0.92562069,5254092.569,5849913.379,3.968103448,0.025262069,1405555200,0,1686206234,1717818207,0.203775863,0.466877933,
Oil & Gas Refining & Marketing,7173783937,173778934.2,141668903.4,13668079944,11.17851611,5.44320445,0.912640857,inf,0.662535714,19.50542857,127.2374643,28631664516,660.4597143,2087739094,6350426030,1735518426,53.88110714,596490647.3,1832057826,0,77.17325,1.774428571,1.2855,0.161261427,-0.003656786,-0.070644286,-0.026916429,-8.259671789,0.027881072,0.0715,28.54095714,135.3939036,149.5780714,130.822375,1386370.714,924911.0714,168.9836286,120.975475,148.1599476,133.5894514,1.360642857,4236281.821,3946331.036,3.795357143,0.0509,1080320914,0,1583949600,1614424114,0.142550001,0.431155712,
Other Industrial Metals & Mining,2722261720,424519874.7,178870728.7,4810108882,-0.04115404,inf,3.606676619,inf,228.4040082,-26.4979918,2.120336066,2822558203,4.709532787,1121296591,1243439333,512792777.6,0.423139344,412771660.4,826378960.8,0,50.28802459,3.732163934,3.442918033,0.112100902,-13.53972091,-0.006874509,-0.979761222,-1.949349343,-0.036000166,0.117336066,3.906818041,3.931450344,3.967074107,3.839100344,775983.418,779848.9426,6.576006066,3.043132451,4.298599848,3.965834189,2.682875713,1796285.672,1658936,1.938442623,0.012072951,147011016.4,0,1406722308,1435204564,0.631571804,0.094088279,
Other Precious Metals & Mining,506456887.7,935199589.9,246716202.8,1127839348,7.905991148,inf,119.2569619,40.77283798,30.49142222,0.579555556,39.76464444,2588044875,2.1502,406813374.6,945887143.6,582594016,0.331888889,104408991.3,290455748.8,0,58.3598,23.57293333,20.51606667,0.220003111,9.055987755,-0.026003999,-0.791590223,-0.845800438,-0.060158888,0.441244444,2.259986667,2.5670534,2.606988956,2.543162289,1533685.822,2293653.489,3.263526667,1.452985622,2.314205196,2.467862813,-3.649155556,1538071.644,1566844.867,1.983777778,0.007184444,295804800,0,1557697920,1588586880,0.143458667,0.152677336,
Packaged Foods,2259625922,273781624.3,72233892.32,3158860229,6.89579848,inf,2.490257539,inf,284.6155077,-81.31988462,3.919384615,1955079677,14.02862308,289251698.7,1057093195,157099115.6,0.963976923,125872949.1,241548075.8,0,50.49036923,9.536561538,5.837323077,0.265607309,-33.02156818,-0.219497384,-13.553107,-1.064931998,-0.119688077,0.143884615,45.45256538,46.44724695,46.55538618,46.24647079,1591541.462,944042.5923,60.30335085,39.53885772,46.07773586,45.73812866,0.2922,2076724.015,2031951.577,1.998230769,0.039152308,417025550.8,0,1557066905,1586957317,0.242786386,0.26229131,
Packaging & Containers,5519035620,165978110,123396919.2,7392377778,6.037665847,11.39053271,2.100739805,2.164160405,0.5875625,-2.47703125,11.0538125,4847963767,34.73928125,743413122.5,2526352895,278366810.8,2.15825,275922164.4,510647932.4,0,156.6829375,2.03196875,1.245125,0.20211594,-0.853356594,-0.061053438,0.023325,0.040249375,0.071893125,-0.0745625,35.96499688,35.93669375,36.06191875,35.34560625,2455116.469,1233470.625,39.110925,26.58741563,33.63258771,34.52604071,3.1835,4530845.531,4438585.625,3.2165625,0.030028125,1163643300,0,1612839600,1643463000,0.2120375,0.515944373,
Paper & Paper Products,2357741840,212757418.9,58896135.29,13481824418,-15.8849657,37.60549271,0.93968805,0.268371877,1.118142857,6.649428571,17.07728571,7066089496,44.691,2820012081,14271223589,3156332011,4.043428571,-671058281.1,2417368382,0,186.3401429,1.873285714,1.029285714,0.238834286,-0.041470003,-0.253380002,-0.006578571,-0.04559,-0.016781428,0.007714286,19.29148571,19.10228571,19.45712857,18.91514286,1666536.143,474873.2857,24.53686429,12.00159286,17.85923264,18.86947886,0.672857143,944263.5714,887363.7143,2.32,0.018771429,1171300114,0,1697204571,1728814629,0.07521,0.472538571,
Personal Services,2508475800,289363092.6,68766676.3,2986625849,8.366185665,12.33518672,7.324459752,178.3577104,186.9530435,-51.53804348,7.876956522,1150259970,77.22765217,166476599.1,706814044.9,232779877.8,3.890521739,20727362.43,96542368.57,0,448.414913,1.412956522,1.182521739,0.336191738,-1.574674792,-0.055279565,-0.433178248,-0.336684783,0.025463043,0.251043478,20.2838087,45.20119461,45.421712,44.96892613,1421124.652,1268325.565,63.11490435,36.4849957,44.00622123,44.53394608,-1335.039522,1992607.957,1932539.522,1.555217391,0.040578261,642027130.4,0,1599230191,1629458922,0.160513045,0.302467827,
Pharmaceutical Retailers,398833985,363331155.6,187417603.5,2029948205,-1.396439476,inf,124.0430455,66.80580837,20.36304762,-4.95547619,1.426333333,6993158811,19.62333333,189627761,1610761450,40735154.9,1.578142857,102007890.2,34654219.14,0,39.93933333,1.310666667,0.902666667,0.203981904,-7.867105205,-0.042197623,-0.940978096,-5.165008095,-0.145882857,17.58657143,1.282319048,1.323300143,1.355295381,1.282190619,3000714.19,1343608.19,5.443837143,0.933334905,2.562850338,2.068565629,0.663428571,4283006.81,3482349.286,1.487619048,0.013180952,274299428.6,0,1479945600,1510016914,0.204639997,0.075784286,
Pollution & Treatment Controls,824146088.3,288647755.4,64603961.36,877478366.6,3.939818556,inf,2.678507555,30.76347063,44.50971429,-1.402857143,1.216232143,200257297.3,2.111339286,36452639.09,87854358.5,29980986.29,0.276839286,27567045.05,26028373.79,0,31.02460714,1.442232143,1.018375,0.161235893,-11.95576018,-0.270787862,-2.132207854,-0.127891786,-0.268773926,1.476,6.205116071,6.207466911,6.279493429,6.104597268,770464.5536,213691.1786,7.233494464,3.681494768,5.384265469,5.939515157,-389.1202321,1185322.946,1080564.089,2.145,0.01275,239682857.1,0,1487121429,1517011200,0.17253125,0.134246072,
Publishing,1140035267,83705206.55,44459249.95,1360162421,1.42153132,inf,2.758773575,4.275932526,4.967863636,8.092636364,24.15531818,676614855.6,62.78709091,91295607.55,263900176.6,53582224.55,16.91654545,84199891.59,74066688.45,0,418.1636818,3.690272727,1.944727273,0.407960001,-1.326276818,-0.45873318,-0.155528181,-1.24198459,-0.146031816,1.351136364,9.727272727,45.26979564,45.35365927,45.16835473,564714.6818,165835.6818,51.38512182,35.08915473,43.74499005,45.41734418,1.025545455,927348.3182,1072530,2.083636364,0.011509091,995818909.1,0,1446332073,1477907345,0.093816364,0.204233182,
REIT—Diversified,3233726574,147035719.4,152241181.2,5277919553,-2.149201309,10.44558055,1.201490866,39.6008011,255.5920909,14.07522727,12.37113636,455871027.6,3.779772727,336377819.1,2216876851,117463827.8,0.964454545,88233519,244631842.6,0,161.6756818,4.885363636,4.547681818,0.651553174,-6.398810908,-0.154783177,0.010705455,-0.073919546,0.454489548,0.152409091,14.61681818,20.68246309,20.78599036,20.51148868,1006166.636,631564,21.85636364,16.29122832,18.95762408,19.76737796,28.09681818,2867495.227,2658798.682,2.937272727,0.024995455,1331950255,0,1619355927,1649537018,0.085920909,0.457578633,
REIT—Healthcare Facilities,7840791493,208923840.2,209709986.8,11181296323,52.86395936,inf,2.089893624,6.062732779,10.42109524,9.785142857,15.22733333,1199682147,6.953904762,475377288,3532916058,264708523.4,1.028952381,321566454.7,331989432.4,0,182.488619,3.92647619,3.327428571,0.63445428,0.360098583,0.01781143,0.02069619,-0.019439522,0.487252859,0.063714286,28.8747619,29.1,29.435,28.92218095,3803032.19,1833756.048,31.53409524,19.32167238,24.62863757,27.53509848,0.662380952,15839307.1,14635046.67,4.335714286,0.056466667,1632116571,0,1703980800,1735603200,0.060187142,0.587441426,
REIT—Hotel & Motel,3228762689,154277345.5,149057169,4538126897,-0.120330009,inf,1.683750794,1.58831688,3.0425,2.0445625,9.3500625,1427826956,11.6061875,374982348.8,2212241615,194050988.1,1.54225,146792681.7,276773124.8,0,197.24075,1.4875,1.125,0.337201248,0.139904999,0.04078,0.020499375,0.027525625,0.238718752,0.02075,15.3546875,15.3153125,15.5380625,15.06175625,3596367.688,1569220.188,17.7678125,11.79,15.2697875,14.337275,1.642875,10013268.75,9478487.875,5.285,0.0782375,1716600600,0,1704148200,1735770600,0.0861025,0.797228121,
REIT—Industrial,18631308179,191114487.4,178516286.1,24229154298,inf,31.95489053,2.878115221,9.729960285,13.23529412,21.63711765,29.56464706,1789196500,9.832294118,1015147767,5368547371,143017068.5,1.251294118,641960232,870934248,0,111.7648824,1.622882353,1.283882353,0.726422359,0.349772352,0.224264123,0.027665883,0.053558236,0.616427645,0.061764706,86.99470588,86.65352941,87.31305882,85.69411765,2451183.353,1118429.588,90.19180371,60.24650924,76.37371271,82.53214647,0.903,3733589.176,3559694.059,4.147647059,0.033635294,1726988612,0,1703980800,1735603200,0.070896469,0.845495885,
REIT—Mortgage,1519863544,121536625.6,112539561.8,10245020389,8.917062993,25.41022208,1.019825353,-2.529593007,-37.2682,0.51625,13.798,204738403.3,1.6736,3760800,9341363889,853856277.7,8.12415,12642878.4,43623255.7,0,437.504225,98.821775,98.096275,0.632986501,0.677606251,0.163364008,0.001838,0.0115695,0.0095775,0.274325,11.015175,10.963125,11.0744925,10.8419875,2346764.725,1283606.8,12.4092,8.04885,10.39520158,10.55546,1.5011,6242394.75,6160158.625,4.878,0.051365,1712188800,0,1692148320,1723768560,0.04688025,0.510199504,
REIT—Office,3258787693,100243610.4,97176186.74,6788332811,-9.538672891,43.18000693,0.990579981,4.412672104,7.406074074,15.526,21.37162963,774207119.4,6.238703704,389755921.5,3434805812,329773375.7,2.820222222,277380983.7,294448109.9,0,129.7865926,6.342666667,5.866777778,0.593336305,0.134855185,-0.041114078,0.01126,-0.023877407,0.451594073,0.023148148,23.12547407,23.08277778,23.2459,22.80777778,2207058.556,778975.7778,25.04941111,14.68537037,20.0549008,21.34546804,-15.61892593,5243759.407,5333038.852,5.342962963,0.066633334,1721040000,0,1703980800,1735603200,0.040454074,0.731175928,
REIT—Residential,10129241106,138428571.4,135333047.6,13233369811,10.14126805,32.8910902,3.14795122,7.01908962,11.0066,23.1269,27.14255,1130575008,11.1777,616625746.4,3391229381,112314097.6,2.4482,451829078.2,522857403.6,0,170.11995,1.91465,0.9666,0.591518501,0.189827002,0.025270001,0.0185885,-0.0494455,0.4948235,0.05695,72.80525,75.9715,76.319565,74.8795,2222212.5,861490.8,80.73515,51.36,65.745744,71.990825,0.9558,2999351.85,2920794.55,4.2175,0.03298,1720729440,0,1685046240,1716668640,0.055328,0.797968003,
REIT—Retail,7690035053,163203360.7,159769782.7,11198596050,45.51468997,119.5733403,2.654677829,6.788624148,11.00286207,14.86048276,3.143,866588112.8,39.95341379,597199520.6,3890406875,180774209.1,7.835310345,321769035.7,453442413.8,0,176.5977931,2.412103448,1.614,0.70734758,0.25206276,0.102356204,0.024174827,0.075821034,0.595431375,0.047931034,45.03301724,45.00066228,45.3601071,44.71935538,2218472.793,1001436.379,331.4243103,31.55062069,49.35146183,43.47576352,93.14544828,4162752.483,4199926.517,4.446896552,0.05694138,1712987255,0,1702893352,1734512772,0.060780347,0.787465514,
REIT—Specialty,21284289593,183399489.2,179898601.8,30061070741,43.15803277,37.07095955,4.507799568,6.10547254,9.98705,16.60255,16.8051,2851705182,13.96645,1323748328,8791177763,465695405,2.7954,692378198.8,1017747703,0,1663.78395,1.8103,1.5587,0.626852993,0.282154999,0.198970997,0.0336975,0.073492501,0.434954505,0.1094,107.919165,107.382,109.273745,106.87129,2051767.3,1127346.9,113.59325,78.76076285,97.32851323,102.085998,1.06655,4011251.1,4341189.8,3.7245,0.032424999,1707592320,0,1703980800,1735603200,0.051822499,0.739038506,
Railroads,28959641485,306110377.9,285147862.8,36621325963,10.59848312,13.44769611,2.277103523,2.488098812,2.621,8.90525,18.9970625,6265712953,26.451375,2736663139,7892076454,323881567.1,1.6553125,690875355.1,1933644640,0,91.8854375,1.215875,0.7684375,0.411264375,-0.117876876,0.183913126,-0.044314375,-0.108630619,0.220690003,0.02575,66.47373125,71.39406881,72.07339381,70.99546881,3170675.938,1298955.688,78.0219,54.46657506,68.41001344,69.32334625,1.3409375,3104866.875,2966224.063,2.005625,0.01579375,1368495000,0,1488839400,1518463800,0.067540629,0.489990002,
Real Estate Services,1620328214,79320859175,17211889631,24323185312,4.563866535,inf,11.42343297,inf,307.232871,6.126709677,26.22970968,5896508757,78.64587097,2294195384,4765345411,985201248.5,5.102451613,1066126871,432718264.6,0,623.6584624,6.981182796,4.911376344,0.433211615,4.369300547,4.167145373,-2.383147751,-0.33518065,-0.058835701,4.061978495,294.2855054,301.1363776,301.2920158,300.8150722,1626215.731,1598320.796,310.1836251,246.3623293,270.7981158,296.8175176,4.730178581,2946924.495,2776728.043,3.455376344,0.022648387,551396438.7,0,1543764542,1574005471,0.24276957,0.22732344,
Real Estate—Development,359566325.4,1054121378,68694423.84,2265151673,1.652058079,inf,2.325345871,22.12710435,29.09157895,3.650236842,15.39618421,804308707.6,47.73289474,54260430.18,1001700040,72347870.55,2.836526316,-209765068.2,-102413170.1,0,218.5170526,11.21505263,3.813947368,0.330222103,-3.2249571,-0.040034213,-1.195263418,-1.385783246,-0.090405001,0.654263158,9.254486842,55.32248961,55.47724487,55.20712908,536135.8158,341568.2105,74.55078921,48.41177408,54.7612659,54.74344794,-49.65807895,213460.7368,167941.7105,1.085263158,0.048134211,328761094.7,0,1508405305,1539163705,0.262638416,0.160954737,
Real Estate—Diversified,528183872.7,199696029.7,12234840,981310484.5,41.58205467,5.4981504,1.028941065,2.235353757,5.318666667,-448.2565333,163.5622667,113566098.7,25.70113333,36528251.8,482542549.6,39943588.67,11.8128,24842145.53,-7466105.667,0,94.6624,2.110533333,1.0934,0.414805997,-0.965029323,0.038497999,-0.487063319,-0.146236675,0.187930668,0.107933333,11.93569333,130.8765934,130.9654201,130.7569134,158134.3333,75261.46667,134.8769607,98.9339154,117.6884306,128.6888545,3.7424,207371.2,234054.3333,1.686,0.009066667,420353280,0,1499397120,1530979200,0.083499337,0.16244133,
Recreational Vehicles,1323295176,38750489.75,26206678.42,1979145446,5.75611923,11.05601655,3.213597353,1.440355959,8.527958333,7.2675,14.02345833,1994167996,38.93866667,212785791.1,795086306.4,140148836.8,2.581541667,144264298,193785067.4,0,95.97320833,1.98275,0.878916667,-0.010319584,-9.014129195,-0.0673325,-0.166446665,-0.640077932,-0.039130835,-0.243791667,26.68771667,26.6218375,26.63006458,25.9771625,566921.8333,282989.75,34.941375,21.44537917,27.01813148,25.74230134,1.625458333,1506337.083,1395577.75,5.381666667,0.0529875,765298800,0,1666591200,1698184800,0.243571666,0.410399999,
Rental & Leasing Services,5240467274,81861554.59,56186200.63,11446806708,14.22998619,9.147594293,8.84719031,1.910902198,3.742481481,6.39537037,26.41833333,3247156668,55.84196296,737189860.1,6431804646,245578156,3.427,-4557054.185,943902769.3,0,393.6342222,1.955703704,1.089444444,0.388783328,0.020858148,0.02845926,-0.049710369,-0.035596295,0.04159926,0.101666667,78.13466296,77.73813333,78.48995556,77.01186296,1085482.63,1167081.444,88.61667778,44.1381,67.95541774,72.14171489,1.281111111,3507321.63,3362610.481,5.091481481,0.067274074,1147676800,0,1632096000,1662534400,0.162464073,0.654429267,
Residential Construction,8748963267,98201263,55271740.68,9142852040,18.40169852,inf,8.212865076,90.13205631,90.19485714,13.70432143,88.14317857,5732898592,189.3196071,952550339.8,1071149676,702312562.2,36.72689286,113737953.7,254172170.1,0,97.18539286,6.252642857,1.131785714,0.25795393,-0.056406434,0.101802855,-0.098405364,-0.228806785,0.104292142,1.929428571,439.3550643,436.0816429,436.9895179,427.1495036,1327333.214,523092.1786,444.1872089,232.3510607,354.4696459,399.5898466,-2.812964286,1704561.464,1640971.786,3.981785714,0.039553571,632685600,0,1645747200,1677354171,0.230647147,0.612532504,
Resorts & Casinos,4000571548,139513850,90090595.54,9337547534,5.61533859,8.110780875,2.7839326,1.360993078,2.797333333,11.76708333,11.195125,3322676080,27.48883333,806496945.8,5684846850,645886175.2,4.681375,136943274.1,491821284.5,0,339.9572917,2.086708333,1.5875,0.463418338,0.110561252,-0.014950835,0.027603333,-0.255504214,0.185567916,0.06125,33.17249583,34.27104588,34.39855004,33.66596254,18941768.83,3405475.75,43.51421667,28.14709171,36.08087473,33.43540775,-1.260958333,4417228.625,4212037.708,2.811666667,0.0406375,848278800,0,1645347600,1676959200,0.150817501,0.544031247,
Restaurants,7549281197,1296372126,86886437.78,9368014193,11.05064501,inf,3.92266068,inf,5.953037975,19.27681013,279.6911646,3839488934,1722.704114,617523828.2,2001588905,175725656.1,22.68017722,203290976,538409205.2,0,255.3359241,1.927037975,0.850151899,0.309777976,-1.480157126,-0.067145191,-0.141358475,-0.068220631,0.033184684,0.036063291,39.86855696,42.45408232,42.86622282,41.99026206,1696405.456,2344955.899,54.47880201,29.29454447,44.70535963,44.14260848,25.48927709,2983117.987,2835823.025,2.651898734,0.051389874,607948678.5,0,1575707423,1606107099,0.14298557,0.450379493,
Scientific & Technical Instruments,2765581578,901060190.8,215753871.8,3084435034,6.33857418,inf,4.617910316,inf,84.66507576,-0.537681818,9.295924242,743624315.2,9.964606061,156743517.9,443173429.9,169170563.7,2.042621212,102463452.2,125176922.8,0,77.75322727,2.673424242,1.941045455,0.392478633,-42.33685212,-0.221554694,-0.283006967,-0.550674696,-0.127656668,0.068121212,31.74574698,31.74192888,32.00860311,31.25935765,970143.0909,1039631.955,36.60406606,21.90058417,29.59361125,30.71018316,-1.626727273,1717349.727,1607752.045,12.51863636,0.024595455,427041163.6,0,1552089600,1582252364,0.151623787,0.327064392,
Security & Protection Services,821758748,163325747.2,53058367.2,1165263937,inf,inf,1.257882217,inf,7.10614,-6.22496,0.3523,462938488.2,7.9543,113575988,373548066.4,60808645.26,1.45766,42920926.58,84043151.16,0,65.62974,1.56594,1.09308,0.3148184,-12.7179358,-0.229710605,-3.3605608,-0.297553999,-0.112208001,0.14278,13.21729202,14.4932822,14.6339822,14.2700262,1027614.72,349818.58,17.882977,10.218927,13.98651513,14.38750631,7.44428,1082462.9,1089486.54,1.743,0.017814,406372032,0,1457685504,1486743552,5.5180126,0.205320801,
Semiconductor Equipment & Materials,22851756382,103942561.9,95398501.65,22491703262,-6.140531165,17.86729854,4.374727066,13.08881895,9.478,-26.77208824,18.42485294,3025139960,17.78390241,872467674,919651814.4,1056970647,8.196852941,372803418.5,743901929.2,0,28.56902941,3.9155,2.757823529,0.36820647,-3.875785149,0.078143825,-1.436003765,0.064930296,0.101564117,0.162441176,115.1860294,113.4634441,113.9135559,111.0591824,1729338.412,891341.4412,155.2487588,76.13971176,120.2192123,119.7587996,0.211882353,3037220.882,2866824.147,3.077941176,0.047270589,710192752.9,0,1703093929,1734703624,0.134505001,0.657892054,
Semiconductors,79761969240,747924802.8,1033534270,1.0784E+11,16.35107251,24.59807179,5.761548684,inf,26.08917105,10.85873684,16.18159211,48255318696,22.99768583,26110266372,19565714034,31810001067,6.217118421,8926526227,24118002557,0,43.24661842,3.75,2.850276316,0.42134737,-3.640173288,-0.115599732,-0.184584079,-0.494705789,-0.058456843,0.604131579,59.20343684,58.72639412,59.16341254,57.49942307,13731648.89,8732125.763,76.51940408,35.96898228,56.5175704,58.69143498,-16.20860526,12510499.45,12220291.07,3.132631579,0.050842105,563347326.3,0,1654973811,1686163074,0.114062763,0.521292897,
Shell Companies,63138443.99,593424892.7,150806919.5,1433543676,0.011771391,inf,18.98468897,inf,250.9570421,-15.44088842,36.6218,1294252.897,0.407966316,-490838.5032,1849513.859,582535.3474,0.145282105,798435.76,-1066621.573,0,28.83125895,1.28272,1.006503158,0.251590737,-14.23502894,0.897560212,-6.937804966,-0.488526548,-0.049305789,0.729863158,40.26868525,39.94089317,40.76560379,40.66110115,287400.7663,212124.7979,111.1731278,4.247044259,33.1070273,40.90722172,49.47907244,13894.90526,15827.49474,0.658694737,0.002226316,29475860.21,0,1484182292,1513845686,0.355790421,1.585118925,
Silver,479611680.9,113972692,95582132.44,467317658.7,6.0109654,4.503760444,0.610413611,0.872968417,1.532333333,-18.57922222,1.403888889,82253427.78,0.341777778,5031623.667,36783856,58584635.44,0.294333333,-16530040,16726436.78,0,2.091777778,3.965222222,3.761,0.207487778,-0.171912236,0.006886667,-0.172609989,0.018979999,-0.283678887,0.118,2.717755556,2.770689111,2.820655778,2.731244667,3728896.222,1119171.444,3.162833333,1.623011333,2.3429975,2.536785778,-0.105666667,2441547.333,2485043.444,1.055555556,0.000777778,382387200,0,912470400,930019200,0.011335556,0.170264442,
Software—Application,5588419234,569897580.8,271071518.3,5649980365,inf,inf,6.268098119,764.3942307,451.2694353,29.06690625,8.300785714,897955340.4,10.82488902,131341644.6,368808575.5,353921216.9,39.89584821,123290958.4,152429835,0,51.62659152,2.257921875,1.915955357,0.488779619,-146.4858579,0.113450546,-4.688288976,-0.528834037,-0.174008328,1.411792411,32.52161117,32.64402009,32.9881394,32.29724386,2529385.545,1785632.862,52.55303163,20.90694232,30.94517582,30.86975549,6.252388393,2543891.987,2473575.288,2.081964286,0.028014063,169623835.7,0,1567594157,1598343107,0.1792625,0.292236786,
Software—Infrastructure,23764405432,2921971344,608989218.1,22283875373,inf,inf,6.706318868,-165.2705044,-1215.825455,67.77196651,50.13238278,13157428120,92.38231579,9138896247,2134938910,3735801126,19.44039713,-2891872261,2868604618,0,122.5173493,1.882272727,1.591110048,0.493118326,429.4477085,-0.178416936,-2.500862442,-0.333663641,-0.054042153,0.481526316,35.29150431,35.4133139,35.89784456,34.94928859,4132040.593,1638276.818,47.11691081,24.6954083,35.4095727,34.83777443,4.068248804,4112737.163,4092701.847,3.120430622,0.039695215,144633186.6,0,1635177876,1666179767,0.17257335,0.44961483,
Solar,1265063401,467191564.3,183267498.1,2477349986,inf,inf,23.95107262,29.50127723,41.23982979,143.0947234,13.25893617,2891609577,77.79561702,332814797.2,1232681223,464836998.6,3.458702128,-107031940.3,-1776637.894,0,77.96512766,3.133978723,2.681425532,0.228653831,-33.14880343,-0.178003192,-1.005153829,-1.284344677,-0.101036598,-0.127808511,11.14110851,11.07810438,11.26898521,10.86690013,5744378.489,5546909.17,35.96719806,6.852108213,12.55818896,10.98889838,3.128212766,6035341.234,5571739.936,2.028297872,0.063829788,36674042.55,0,1588600034,1619523881,0.191404896,0.270352339,
Specialty Business Services,4368308943,419118360.7,177129345.4,5480774579,5.908043683,inf,2.728291517,27.54810651,15.04040426,-21.88767021,46.214,1159180313,17.33593617,231225925,625032187.4,147715875,37.18418085,121086036.2,178172030.4,0,78.32017021,3.131744681,2.90893617,0.340350106,-150.3536632,-0.154586487,-3.415752447,-0.448677444,-0.04304415,0.377340426,1613.069094,1615.80714,1615.861969,1615.514784,1623633.032,853213.266,1622.508836,1610.519436,1615.259305,1615.534305,-5.305074468,849062.3404,815839.2766,1.600744681,0.016438298,418774366,0,1391368136,1420268017,0.13212,0.246566596,
Specialty Chemicals,7760659464,473701298.5,310121285.1,10081812914,7.684475211,inf,2.175297326,48.33904971,47.17176596,-11.62188298,18.1127766,5761123799,31.27334043,1159592251,3003746124,809245277.9,3.130957447,135923055.3,822450458.4,0,64.86548936,2.495978723,1.719425532,0.246054465,-23.48556362,-0.049745957,-0.686328087,-0.256113932,-0.044032874,1.426691489,49.43338511,63.85282562,64.08684582,63.2040905,1480043.787,810974.9787,78.93117818,47.79269454,61.41283789,62.76097748,54.38585106,2609157.138,2521198.5,3.035319149,0.023847873,778157923.4,0,1580687081,1611614604,0.167516915,0.382705108,
Specialty Industrial Machinery,8828857315,273529429.7,138563663,7166519203,8.750362785,inf,2.66863878,26.58244689,58.84833594,-9.687664063,13.38007813,1966435096,20.18729688,395045165.9,883158442.8,189443148.3,2.103179688,212935269.2,256063586.8,0,86.80924219,198.6062813,195.4689297,0.264790079,-3.257929513,-0.135841014,-0.60622836,-0.061570938,-0.080076092,0.335703125,52.52254611,64.78141218,65.17872312,64.06681609,1217933.898,1104070.82,89.85491945,47.48705682,76.75567313,79.15298353,3.94978125,1628312.461,1680614.125,2.512890625,0.030373438,654972750,0,1527671475,1557787275,0.12394789,0.42633203,
Specialty Retail,3666941972,121913389.6,59536855.46,4807030534,-17.3181692,inf,2.223099397,75.52850448,17.77886486,7.258040541,38.09531081,3605252797,3179.032514,384247675.6,1109989815,303585866.4,10.14244595,126447894.3,290622059,0,105.2665135,1.499202703,0.786554054,0.257197838,-9.094634595,-0.131643788,-0.277184457,-0.348809052,-0.062133107,0.67422973,325.1887162,387.2566002,388.1419705,385.9502746,2535908.73,1179714.459,409.6430528,300.1678251,355.7641367,386.8326327,-0.863648649,5161403.743,5263900.514,3.799189189,0.09835,451067545.9,0,1484443070,1513053146,0.189737705,0.436574999,
Staffing & Employment Services,913187260.4,431395521.4,104159172.9,919777535.5,9.22132272,inf,5.966566415,1.098183122,1.252033333,26.33173333,6.201933333,1521219156,46.85096667,72783970.67,159030319.7,123538979.4,3.484166667,65366934.53,67884029.07,0,147.6621,1.705033333,1.445233333,0.350371336,-9.196137343,-0.122052664,-0.127691666,-0.101743345,-0.045210335,0.044,20.7299567,20.69820343,20.92727343,20.41347013,1032984.2,226134.4333,27.19864667,16.79231013,21.25078725,20.46198893,496.0049,668137.2,634797.6333,3.308,0.026956667,761768640,0,1639621440,1671226560,0.168674664,0.370968669,
Steel,5776553338,214849884.5,167733294.3,6.18125E+11,5.822608037,13.2907854,1.377949706,1.926626357,1.31262963,6.809518519,27120.27052,2.76065E+12,2370.68587,2.40137E+11,1.09952E+12,7.0308E+11,9237.722222,-34667113461,2.65399E+11,0,39.23822222,2.875148148,1.473703704,0.170092963,-0.799132926,0.037802222,0.029537036,-0.106927037,0.082242223,0.067148148,44.23559259,44.07123333,44.34014444,43.55435556,2119472.185,1223432.259,57.01846419,35.51252593,46.78364401,44.03191407,0.878888889,3680745.444,3558476.333,3.582222222,0.026551852,1248966400,0,1697152000,1728761600,0.14841,0.421994445,
Telecom Services,10196663804,604324646.8,1359661989,9.70082E+11,inf,inf,4.627016683,117.6384402,1028.636357,17.26172449,1449.335388,2.03418E+12,1950.518398,8.24993E+11,1.08311E+12,3.63724E+11,310.1376224,73116553695,7.8365E+11,0,199.5700918,1.283642857,1.059234694,0.410861735,-3.945473258,-0.031311535,-0.351681827,-0.726278175,0.05640939,0.381673469,159.9569847,159.5210266,159.7141062,159.3449185,2033826.276,1510528.592,210.8861695,150.8736339,179.4926621,160.3648431,-1452.697459,5306368.857,5437215.184,2.84,0.018277551,636319249,0,1519197649,1549824686,206.5247298,0.211052243,
Textile Manufacturing,492782288.8,14177831.67,11697334.83,579876238.5,9.1189245,4.143666667,0.820893741,5.369530876,3.0915,36.43683333,9.039833333,399747839.2,21.19533333,43910566.83,113707262.5,26187255.33,1.062,14052290.17,36305710.5,0,176.0825,2.055666667,0.967666667,0.30206333,-0.029461668,-0.020621667,-0.257118333,-0.123786667,0.0351,163.0073333,17.19246667,17.12363333,17.2353,16.85495,105469.8333,48067,19.182,14.72006667,16.8602715,16.85193333,38.68133333,95279.33333,88926.33333,1.243333333,0.005483333,862315200,0,1655294400,1686873600,0.174925001,0.411716658,
Thermal Coal,1045139559,170354984,126163151.1,1080724038,8.480019727,inf,0.845371105,1.575541586,3.521909091,1.818363636,17.89790909,935909381.1,18.45763636,245833856.1,138238203.4,112230876.5,2.578909091,21653956.09,191745191.4,0,17.62690909,1.288,0.811454545,0.281090912,-2.369671817,0.093733635,-0.369214547,-0.139231827,0.154956362,-0.202090909,26.57001018,26.50455564,26.84865555,26.08058291,398912.2727,367208.1818,29.5184,18.99837382,24.44081788,24.34781909,-100.2445455,2214557,2097610.727,3.436363636,0.032981819,927401890.9,0,1557909818,1589508655,0.128878182,0.302108184,
Tobacco,15847522284,4449614707,273244455,20124532397,inf,inf,1.073242956,14.78928072,23.41908696,1.342,4.914521739,3980056851,15.02023478,1736764264,5178223728,975893740.8,1.484652174,1085804719,1375536111,0,61.45952174,1.412304348,0.95326087,0.264578695,-9.890739133,-0.106434781,-0.275356954,-2.41904087,-0.156982172,0.150304348,14.59414352,14.5806783,14.71046961,14.47085657,2150953.957,2041355.391,18.74446522,10.36987004,12.92770156,14.30000769,-1.380521739,3280267.043,3406337.217,1.521304348,0.011830435,524440487,0,1404657391,1430768974,0.184931738,0.221368264,
Tools & Accessories,4087696443,65217883.82,44334769.76,5144363088,8.441738797,inf,1.962062301,1.162977116,1.481529412,8.689764706,36.74076471,2428550661,63.64864706,399476305.2,994451435.6,171202885.2,5.948647059,268625430.8,315095722.1,0,49.63588235,3.672294118,2.270176471,0.284188826,0.107932941,0.029895884,-0.030130588,-0.143064126,0.111264703,-0.070411765,77.38294118,79.47536476,79.83329418,78.37329418,646636.1765,328996.1176,88.96331765,62.14235888,77.32005932,77.89348353,19.12170588,1655220.765,1672487.412,3.431176471,0.049852941,1285657412,0,1550798682,1580525365,0.046219411,0.582238235,
Travel Services,15961564319,217569788.8,177398001.8,17400570840,6.321258875,inf,3.252211435,23.67564621,35.154125,7.966041667,8.331208333,6696854537,50.44904167,1627131795,6937531761,5671548443,33.32458333,319733570.5,1242978412,0,324.7304167,0.961458333,0.73,0.546336252,-5.567061251,-0.008625,-0.22045875,-0.333644579,0.102132083,0.446708333,199.2636334,199.3017292,202.2334709,198.1509917,2696758.5,3657681.667,209.9874417,133.2398209,181.9268498,187.4468762,2.155541667,7599289.875,7579477.042,3.514166667,0.035595833,528555600,0,1658937600,1690531200,0.190308336,0.467914165,
Trucking,3916782274,307550014.1,227047597.8,4354537184,9.042021168,inf,1.88905371,11.25503686,-2.618928571,7.098285714,13.96414286,2395757703,51.62353571,257694969.8,662495218.4,86077945.18,1.079964286,-51205553.07,214083170.2,0,65.68628571,1.634,1.461035714,0.20308893,-7.500282501,-0.057055358,-0.056019644,-7.059442135,0.051896429,0.105892857,47.63890357,47.3767465,47.43170007,45.793354,664790.2857,623091.1071,59.03074857,35.12572221,46.95649642,45.61248504,-7980.769179,1803970.036,1710108.464,2.9175,0.028403572,718122857.1,0,1617657943,1649261829,0.195193572,0.406109643,
Uranium,3638081792,350154741.8,327624155.7,3603433724,9.970874556,29.30631078,3.895282522,1393.123582,1241.112778,-15.51777778,3.38,353612710.2,3.519777778,44333039.56,248535701.1,195886296,2.003555556,-20123592.44,35764448.44,0,32.89544444,25.42422222,7.390333333,-0.110704442,-29.5274689,1.532849891,-0.038022222,0.404879966,-0.404954439,13.23455556,14.48333333,14.51222222,15.32107778,14.49222222,5025645,4752047.556,17.26888889,9.895555556,13.34673333,11.96566667,1.463333333,25194238.11,23942822.11,6.856666667,0.052899997,314870400,0,1707187200,1738790400,0.051279999,0.567372219,
Utilities—Diversified,12135745376,348997836.8,467985595.3,22716681965,13.59101877,11.84699169,1.520612005,8106.047799,6.522,8.348769231,17.71938462,8564365527,17.88323077,2424198030,11694666011,1184863596,1.464461538,-804081391.2,1861567393,0,88.12292308,0.956461538,0.634076923,0.308100765,-1.516166923,0.076236923,-0.2168,0.075308461,0.227879995,-0.022846154,30.29,30.29808469,30.48726931,29.90804623,2520046.385,1113876.308,33.42924615,22.92174446,28.83871022,30.20423077,45.61838462,3985057.077,3370869.154,4.059230769,0.024646154,1288855385,0,1624665600,1656281354,0.104944618,0.461337692,
Utilities—Independent Power Producers,12158550677,167703182,234334519.2,1.409E+11,12.80041517,17.08741322,4.434488494,1.738585075,2.8795,11.16716667,351.9403333,3.69671E+11,6684.333167,1.37363E+11,2.52586E+11,1.39563E+11,107.9671667,-1.023E+11,88043507941,0,164.4785,2.151833333,1.297833333,0.336011667,0.183561672,0.141923332,0.045626667,0.278731664,0.29459833,0.546,74.45008333,76.81,79.92881667,75.7071,4790483.5,1876547.167,80.66716667,29.12666667,52.67750417,63.2608,0.723333333,5297314,4468740,3.3,0.024599999,1363536000,0,1703980800,1735603200,0.099908334,0.56889999,
Utilities—Regulated Electric,24833528741,504191099.2,1014004886,3.10097E+12,13.05844162,18.03456451,1.893413863,2.127041357,4.084911111,10.13302222,1348.096978,2.15157E+12,2124.538227,4.6609E+11,3.14214E+12,1.15611E+11,169.9917778,18712291159,3.48842E+11,0,160.6988,2.228444444,1.868422222,0.417197997,0.103495555,0.113124888,0.016335555,-0.048537332,0.306895777,0.079266667,52.67622444,53.43291336,53.91933558,53.05484002,4715294.222,2140208.756,55.69856,39.38334002,47.32410669,51.16277498,-2.454511111,7200713.8,6757226.6,3.596222222,0.021357778,1490275200,0,1637126400,1668042240,0.032622667,0.613231336,
Utilities—Regulated Gas,4949915612,110179613.3,93919957,9473970190,14.15382935,17.41846299,4.03667065,1.989795348,3.5938125,11.6374375,28.5285625,2650053683,28.218375,907818489.6,4601394562,203482434.8,2.0479375,-479683006.1,710066017.5,0,161.8646875,0.9545,0.6256875,0.393444994,0.14733375,0.116180001,0.03534625,0.167455625,0.328039377,0.033875,49.608125,49.554375,49.882125,48.96595,1669636.563,900099.5625,53.9671875,37.235625,46.13276688,48.0309875,0.6433125,4318330.438,4382812.688,5.51625,0.056099999,1509861600,0,1701000000,1732622400,0.119628123,0.732519374,
Utilities—Regulated Water,4216173913,138996633.3,99989863.73,6997734742,24.11981277,20.97579667,3.450358208,75.85300284,87.63046667,10.10206667,18.6804,2433471624,11.051,1007341516,3170255441,368374320.7,1.2238,44606013.13,666786459.3,0,113.9574,1.5386,1.311533333,0.543551334,-13.0842654,0.152799999,-0.015697332,-0.193029337,0.335401331,6.67E-05,38.65586667,38.64713333,38.74299333,37.79503333,780897.4,364537,41.62333333,29.83878,35.30185867,37.72600141,0.542333333,1737161.733,1657195.6,6.013333333,0.028493333,1264135680,0,1699073280,1730689920,0.117502668,0.561542,
Utilities—Renewable,4011075620,456038010.9,299530662.7,18805430385,10.32817841,inf,1.200304111,12.94869252,23.19516667,-0.523166667,10.88924074,3628339029,10.51738889,1674820139,15639694393,1957710060,5.364796296,-2785857901,1417570129,0,68.29031481,1.5865,1.236703704,0.224001668,-5.782844248,-0.10905463,-4.809611997,-2.041147223,0.080307038,0.629277778,14.01252037,14.511139,15.10889826,14.40512696,1469578.481,770280.3704,17.24675741,8.225840296,12.01044525,12.49857626,-99.11412963,2269209.296,2170759.481,2.198148148,0.022464815,314318400,0,1484144000,1513985600,0.148873333,0.214334258,
Waste Management,4285430713,1591155435,824342507.6,5295210003,15.24670251,inf,1.193277749,34.28814484,37.29576364,0.425218182,50.34481818,1253673322,29.33429091,320527085.6,1082579583,60100539.05,0.9958,83910774,244460799.5,0,80.9716,11.72656364,11.60418182,0.149618545,-21.96470947,-0.127028726,-2.157556539,-0.603729836,-0.022250547,0.366781818,20.23479455,25.70141662,25.84849116,25.52122389,353139.5273,225532.8545,32.42512091,18.86855662,25.19482895,25.78276857,-61.84703636,755436.1455,696964.9273,1.517272727,0.010894545,182740712.7,0,1411845120,1441709673,0.118477274,0.192804181,
